id,content,visibility,type,hour_ago,from_user_id,to_user_id
1,in leo maecenas pulvinar lobortis,false,message,30,450,24
2,in faucibus orci,true,message,199,421,235
3,tellus nisi eu orci mauris lacinia sapien quis libero,true,message,113,848,911
4,nisi nam ultrices,false,message,195,180,996
5,semper sapien a libero,false,message,237,648,4
6,lorem quisque ut,false,message,132,362,984
7,ligula in lacus curabitur at ipsum ac,false,message,44,316,210
8,augue aliquam erat volutpat,false,message,110,85,837
9,in tempus sit amet sem fusce consequat nulla nisl nunc,true,message,241,265,866
10,neque libero convallis eget eleifend luctus,false,message,180,524,607
11,porttitor pede justo eu massa donec dapibus duis,true,message,207,952,7
12,sapien cursus vestibulum proin eu mi,false,message,138,440,442
13,purus phasellus in felis donec semper sapien a libero,false,message,96,734,80
14,porttitor lorem id ligula suspendisse ornare consequat lectus in,true,message,61,77,976
15,pharetra magna vestibulum,true,message,158,215,170
16,augue a suscipit nulla,true,message,131,377,355
17,non velit donec diam neque vestibulum eget vulputate,true,message,141,743,441
18,magna vulputate luctus cum sociis natoque penatibus,false,message,35,128,886
19,nulla integer pede justo,true,message,110,351,482
20,semper est quam,true,message,207,863,171
21,hac habitasse platea dictumst maecenas ut massa quis augue,true,message,33,297,514
22,donec vitae nisi nam,true,message,171,939,757
23,sed ante vivamus tortor,true,message,218,772,657
24,volutpat eleifend donec ut dolor,false,message,24,187,773
25,velit eu est congue elementum in,true,message,82,624,291
26,purus sit amet,true,message,79,341,518
27,augue quam sollicitudin vitae,true,message,67,832,581
28,iaculis diam erat fermentum justo nec condimentum,true,message,54,674,348
29,ipsum aliquam non mauris morbi non,true,message,18,521,148
30,mauris viverra diam,true,message,174,111,884
31,praesent blandit lacinia erat vestibulum sed magna at nunc commodo,false,message,153,448,771
32,justo etiam pretium iaculis,true,message,107,56,489
33,blandit mi in,true,message,123,836,630
34,nulla tempus vivamus in felis eu,true,message,201,44,619
35,fusce congue diam id ornare imperdiet sapien urna pretium nisl,false,message,104,396,859
36,non mattis pulvinar,false,message,142,398,537
37,imperdiet nullam orci pede,true,message,40,603,768
38,morbi a ipsum integer a nibh in quis justo maecenas,false,message,64,681,522
39,consectetuer adipiscing elit,true,message,71,111,692
40,pede ac diam cras pellentesque volutpat dui maecenas tristique est,false,message,181,734,971
41,luctus cum sociis natoque penatibus et magnis dis parturient montes,true,message,28,792,126
42,lorem ipsum dolor,true,message,176,91,107
43,et ultrices posuere cubilia curae donec pharetra magna vestibulum,false,message,149,899,184
44,nisi volutpat eleifend donec ut dolor morbi vel,false,message,190,622,903
45,rhoncus aliquam lacus morbi quis tortor id,false,message,249,676,339
46,purus eu magna,false,message,177,103,100
47,vestibulum ante ipsum primis in,false,message,18,860,478
48,faucibus orci luctus et ultrices posuere,false,message,227,673,628
49,tellus nisi eu orci mauris lacinia sapien quis libero nullam,true,message,160,294,317
50,ultrices posuere cubilia curae donec pharetra magna vestibulum aliquet ultrices,false,message,137,886,980
51,nam congue risus semper porta volutpat quam pede,true,message,63,743,478
52,suspendisse accumsan tortor quis turpis,true,message,216,11,954
53,at feugiat non pretium quis lectus suspendisse,true,message,30,565,279
54,posuere cubilia curae nulla dapibus dolor vel est donec odio,false,message,192,866,310
55,a suscipit nulla elit,true,message,0,262,130
56,proin interdum mauris non ligula pellentesque ultrices phasellus id,true,message,128,749,284
57,aliquet massa id lobortis convallis tortor,true,message,141,288,200
58,malesuada in imperdiet et commodo vulputate justo,false,message,155,419,27
59,non pretium quis lectus suspendisse,false,message,64,425,569
60,nunc commodo placerat praesent blandit nam nulla integer pede justo,true,message,118,872,619
61,risus semper porta volutpat quam pede lobortis,true,message,118,12,564
62,lectus pellentesque eget nunc donec quis orci eget,false,message,239,97,859
63,velit donec diam neque vestibulum eget,true,message,247,949,547
64,sapien varius ut blandit non interdum in,true,message,23,427,881
65,at dolor quis odio consequat varius integer,false,message,24,359,682
66,vulputate justo in blandit ultrices enim lorem ipsum,false,message,141,518,526
67,faucibus accumsan odio curabitur convallis duis consequat dui nec nisi,true,message,81,570,166
68,primis in faucibus orci luctus et ultrices posuere cubilia,false,message,145,387,370
69,pretium nisl ut volutpat sapien arcu sed augue aliquam erat,false,message,91,633,977
70,ac tellus semper interdum mauris ullamcorper purus sit amet,false,message,41,537,599
71,duis bibendum felis sed interdum venenatis turpis enim blandit,true,message,247,383,724
72,purus sit amet nulla quisque arcu libero rutrum ac lobortis,false,message,129,111,136
73,eu nibh quisque id justo sit,false,message,227,922,873
74,nonummy integer non velit donec diam neque,true,message,112,588,908
75,diam in magna,true,message,121,635,754
76,nibh in lectus pellentesque at nulla suspendisse potenti,true,message,78,834,849
77,suspendisse accumsan tortor quis turpis sed ante vivamus,true,message,164,9,929
78,primis in faucibus orci,true,message,199,625,363
79,vivamus vel nulla eget eros elementum pellentesque,true,message,164,897,846
80,iaculis justo in,true,message,15,69,707
81,id justo sit amet sapien dignissim vestibulum vestibulum ante,true,message,145,832,822
82,sed sagittis nam congue risus semper,false,message,6,46,988
83,orci mauris lacinia sapien quis libero nullam sit amet,true,message,242,460,322
84,convallis morbi odio odio elementum eu interdum eu,false,message,238,355,107
85,ipsum integer a nibh in quis justo maecenas rhoncus,false,message,43,502,545
86,integer ac leo pellentesque ultrices mattis,false,message,112,677,315
87,pede morbi porttitor lorem id ligula suspendisse ornare consequat,true,message,116,40,789
88,iaculis justo in hac habitasse,true,message,232,132,715
89,molestie sed justo pellentesque viverra pede,true,message,248,987,476
90,eget eleifend luctus ultricies eu nibh quisque id,true,message,38,222,480
91,nulla suspendisse potenti cras,true,message,240,223,152
92,phasellus id sapien in sapien iaculis,false,message,190,924,457
93,neque sapien placerat,false,message,217,303,334
94,elementum pellentesque quisque porta volutpat erat quisque erat eros viverra,true,message,153,465,573
95,ac consequat metus sapien ut nunc vestibulum,false,message,204,674,49
96,cras pellentesque volutpat dui maecenas tristique est et tempus,true,message,32,695,824
97,sit amet lobortis sapien sapien,true,message,248,624,310
98,enim leo rhoncus sed vestibulum sit amet cursus id turpis,true,message,234,897,303
99,quam nec dui luctus rutrum nulla tellus in sagittis,false,message,174,164,325
100,libero non mattis pulvinar,false,message,11,550,649
101,diam cras pellentesque,true,message,242,689,55
102,pharetra magna ac,false,message,63,781,532
103,vestibulum sit amet cursus id,true,message,235,486,224
104,magnis dis parturient montes nascetur ridiculus mus vivamus vestibulum,true,message,225,936,446
105,nulla nisl nunc nisl duis bibendum felis,false,message,141,364,812
106,suscipit ligula in lacus curabitur,false,message,184,931,782
107,orci eget orci vehicula condimentum,true,message,57,597,389
108,lacinia sapien quis libero nullam,false,message,202,750,513
109,mauris lacinia sapien quis libero nullam sit,false,message,18,640,48
110,sed ante vivamus,false,message,99,605,53
111,dictumst aliquam augue quam sollicitudin vitae consectetuer eget rutrum,false,message,235,673,369
112,proin at turpis a pede,true,message,199,430,621
113,justo pellentesque viverra pede ac diam cras pellentesque volutpat,true,message,96,845,225
114,rhoncus dui vel sem sed sagittis nam,true,message,197,736,125
115,lectus pellentesque at nulla suspendisse potenti cras in purus,true,message,79,287,327
116,sociis natoque penatibus et magnis dis parturient montes nascetur ridiculus,true,message,21,465,416
117,est lacinia nisi venenatis tristique,true,message,160,522,3
118,sit amet cursus id turpis integer aliquet massa id lobortis,false,message,217,770,764
119,rutrum nulla nunc purus phasellus in felis donec,true,message,176,329,235
120,faucibus orci luctus et ultrices posuere cubilia curae mauris,true,message,62,584,141
121,nisl duis ac nibh fusce lacus purus aliquet at,true,message,102,308,673
122,eget orci vehicula condimentum curabitur in libero ut massa volutpat,false,message,160,949,923
123,mattis nibh ligula nec sem duis aliquam convallis nunc,true,message,84,174,985
124,eu sapien cursus vestibulum proin eu mi nulla ac enim,true,message,17,160,593
125,et ultrices posuere cubilia curae mauris viverra diam vitae quam,true,message,26,651,136
126,et eros vestibulum ac est lacinia nisi venenatis,true,message,98,26,752
127,in hac habitasse platea,false,message,21,218,333
128,duis at velit eu est congue elementum in hac,true,message,137,928,310
129,cubilia curae duis faucibus accumsan odio,false,message,139,790,909
130,sed tincidunt eu felis fusce posuere,true,message,166,847,284
131,in est risus,false,message,188,254,748
132,lorem id ligula suspendisse ornare consequat lectus in est risus,false,message,20,102,886
133,condimentum neque sapien placerat ante nulla justo,true,message,214,536,255
134,nisl nunc nisl duis,false,message,112,987,230
135,dui vel nisl duis,true,message,245,735,298
136,posuere felis sed lacus morbi,true,message,15,220,577
137,rutrum ac lobortis vel dapibus at,true,message,148,971,390
138,convallis duis consequat dui nec nisi volutpat,false,message,80,846,814
139,luctus et ultrices posuere,true,message,198,404,200
140,id nulla ultrices aliquet maecenas leo odio condimentum,true,message,142,864,924
141,eu sapien cursus vestibulum proin eu mi nulla ac,false,message,152,230,347
142,nisl aenean lectus pellentesque eget nunc donec quis,false,message,25,617,860
143,donec semper sapien a libero nam dui,false,message,230,545,303
144,ac est lacinia nisi venenatis tristique fusce congue,true,message,234,57,707
145,vitae quam suspendisse potenti,false,message,54,72,755
146,at feugiat non pretium quis lectus suspendisse potenti in,true,message,116,320,844
147,tristique est et tempus semper est,false,message,103,511,249
148,duis at velit eu est,true,message,245,666,306
149,dignissim vestibulum vestibulum ante ipsum primis in,true,message,57,141,845
150,quis tortor id nulla ultrices aliquet maecenas,false,message,208,621,549
151,luctus ultricies eu nibh quisque id justo sit amet,false,message,144,652,308
152,enim leo rhoncus sed vestibulum sit amet,false,message,144,666,82
153,nunc donec quis orci eget orci vehicula condimentum,false,message,36,765,305
154,at dolor quis,false,message,102,782,103
155,sagittis nam congue risus semper porta volutpat quam pede lobortis,false,message,197,459,890
156,fermentum donec ut mauris eget massa tempor convallis nulla neque,true,message,164,303,104
157,donec odio justo sollicitudin ut suscipit,true,message,3,863,282
158,venenatis lacinia aenean sit amet justo morbi ut odio cras,true,message,133,523,221
159,cras non velit nec nisi vulputate nonummy maecenas tincidunt lacus,true,message,39,475,547
160,nulla ut erat id mauris vulputate elementum nullam varius nulla,false,message,76,73,469
161,felis donec semper sapien a libero nam dui proin leo,true,message,238,497,409
162,imperdiet nullam orci,false,message,102,958,680
163,nulla pede ullamcorper,true,message,76,737,843
164,varius integer ac leo pellentesque ultrices mattis odio,true,message,214,105,784
165,luctus et ultrices posuere cubilia curae,true,message,239,515,884
166,magnis dis parturient montes nascetur ridiculus mus vivamus vestibulum sagittis,true,message,81,857,786
167,est phasellus sit amet erat nulla tempus vivamus in,true,message,126,812,255
168,luctus et ultrices,true,message,181,303,236
169,sapien quis libero nullam,false,message,94,890,11
170,semper sapien a libero nam dui proin,true,message,131,57,54
171,interdum eu tincidunt in leo maecenas,true,message,178,252,518
172,vivamus tortor duis mattis egestas metus aenean fermentum,false,message,82,206,64
173,blandit mi in porttitor,false,message,33,716,572
174,in porttitor pede justo eu massa donec dapibus,true,message,26,944,403
175,pellentesque ultrices phasellus id sapien in,false,message,228,784,535
176,aenean lectus pellentesque eget nunc donec quis orci eget orci,true,message,116,521,804
177,amet cursus id turpis integer aliquet massa id lobortis convallis,false,message,30,22,448
178,in hac habitasse platea dictumst morbi vestibulum,false,message,111,577,950
179,volutpat eleifend donec ut dolor morbi vel lectus in quam,true,message,218,660,475
180,nulla quisque arcu libero,true,message,228,470,621
181,habitasse platea dictumst aliquam augue quam sollicitudin vitae,false,message,128,384,988
182,erat volutpat in congue etiam,true,message,43,127,767
183,ornare imperdiet sapien urna pretium nisl ut,false,message,50,639,778
184,consectetuer eget rutrum at lorem integer tincidunt ante,true,message,52,19,56
185,vel augue vestibulum rutrum rutrum neque aenean auctor gravida,true,message,145,253,455
186,cursus vestibulum proin eu mi nulla ac enim in tempor,false,message,60,162,942
187,sit amet cursus id turpis integer aliquet massa id lobortis,true,message,231,965,394
188,vel est donec odio,false,message,53,788,365
189,varius nulla facilisi,true,message,16,468,133
190,ullamcorper augue a suscipit nulla elit ac nulla sed,false,message,160,3,472
191,et magnis dis,true,message,82,399,215
192,dis parturient montes nascetur ridiculus mus vivamus vestibulum,true,message,75,954,316
193,parturient montes nascetur ridiculus,true,message,167,995,664
194,luctus tincidunt nulla mollis molestie lorem,true,message,203,335,84
195,vestibulum ac est lacinia nisi venenatis tristique fusce congue diam,false,message,115,449,526
196,magnis dis parturient montes nascetur ridiculus mus vivamus vestibulum sagittis,false,message,195,596,259
197,vestibulum aliquet ultrices erat,true,message,3,55,364
198,lobortis ligula sit amet eleifend pede libero quis,true,message,83,586,579
199,nulla suspendisse potenti cras in purus eu,true,message,176,462,484
200,quam a odio in hac habitasse,false,message,90,375,383
201,scelerisque mauris sit amet eros suspendisse,false,message,239,87,605
202,erat tortor sollicitudin mi sit amet lobortis sapien sapien non,true,message,236,66,530
203,nec molestie sed justo pellentesque viverra pede ac diam,true,message,208,89,603
204,placerat praesent blandit nam nulla integer pede justo lacinia,false,message,106,336,196
205,integer ac neque duis bibendum morbi non quam nec,true,message,182,469,219
206,duis bibendum felis,true,message,6,418,719
207,elit sodales scelerisque mauris sit,false,message,97,710,862
208,potenti in eleifend,true,message,171,312,856
209,cursus vestibulum proin eu,false,message,93,151,530
210,id luctus nec molestie sed,false,message,11,753,20
211,ultrices posuere cubilia curae donec pharetra magna vestibulum aliquet,false,message,250,940,810
212,lectus pellentesque eget nunc donec quis orci eget,true,message,149,628,921
213,accumsan odio curabitur convallis,true,message,176,740,824
214,ut mauris eget massa tempor,true,message,63,926,101
215,leo maecenas pulvinar lobortis est,true,message,157,619,791
216,amet nulla quisque,true,message,57,178,254
217,mi pede malesuada in imperdiet et commodo vulputate justo in,false,message,2,158,697
218,tellus nulla ut erat id mauris vulputate,false,message,90,102,651
219,sit amet consectetuer adipiscing elit proin interdum,true,message,239,809,976
220,ipsum integer a nibh in,true,message,31,984,632
221,ut nunc vestibulum ante ipsum primis in faucibus orci luctus,true,message,13,826,2
222,sapien ut nunc vestibulum ante ipsum,false,message,230,943,569
223,in hac habitasse platea dictumst etiam faucibus,false,message,186,47,714
224,duis ac nibh fusce lacus purus aliquet at feugiat,true,message,224,426,658
225,pellentesque eget nunc donec quis orci eget orci vehicula condimentum,true,message,54,587,263
226,pulvinar lobortis est phasellus sit amet erat nulla,true,message,147,235,131
227,ornare imperdiet sapien urna pretium nisl ut volutpat sapien arcu,true,message,156,814,345
228,ullamcorper purus sit amet nulla quisque arcu libero rutrum ac,false,message,94,796,928
229,sociis natoque penatibus,false,message,141,851,546
230,aliquam non mauris morbi non lectus aliquam sit amet,true,message,191,716,262
231,sollicitudin vitae consectetuer eget rutrum at,true,message,246,348,378
232,condimentum id luctus nec molestie sed justo pellentesque,true,message,125,640,530
233,ac neque duis bibendum morbi non quam nec dui luctus,true,message,225,796,493
234,luctus nec molestie,false,message,177,625,548
235,nonummy integer non velit donec,false,message,243,439,151
236,a libero nam dui,true,message,107,940,533
237,maecenas tincidunt lacus at velit vivamus vel nulla eget eros,true,message,26,477,540
238,consectetuer adipiscing elit proin interdum mauris non ligula pellentesque ultrices,false,message,87,322,689
239,non lectus aliquam sit amet,false,message,23,990,194
240,non velit donec diam neque,false,message,184,1000,537
241,quis justo maecenas rhoncus aliquam,false,message,230,512,655
242,odio elementum eu interdum,true,message,63,243,623
243,sed accumsan felis ut at dolor quis odio,false,message,64,243,976
244,ultrices posuere cubilia curae duis faucibus accumsan odio,false,message,132,325,564
245,congue risus semper,false,message,238,556,714
246,purus sit amet,false,message,215,98,388
247,sapien sapien non mi,true,message,87,449,584
248,sapien a libero nam dui,true,message,49,850,320
249,quis libero nullam sit,true,message,205,453,361
250,donec ut dolor morbi vel lectus,true,message,93,779,834
251,duis consequat dui nec nisi volutpat eleifend donec,false,message,83,280,47
252,nullam varius nulla facilisi,false,message,33,178,413
253,sollicitudin ut suscipit a feugiat et eros vestibulum ac est,false,message,35,150,975
254,accumsan odio curabitur convallis duis consequat,false,message,227,41,859
255,et magnis dis parturient montes nascetur ridiculus mus vivamus vestibulum,true,message,147,356,370
256,quis turpis sed ante vivamus tortor duis mattis,false,message,235,448,908
257,odio odio elementum eu interdum eu,true,message,35,186,931
258,ac lobortis vel dapibus at diam nam tristique,false,message,186,213,511
259,diam vitae quam suspendisse potenti nullam porttitor lacus,true,message,115,770,764
260,dis parturient montes nascetur ridiculus mus,false,message,201,678,897
261,potenti nullam porttitor lacus at turpis,false,message,2,378,56
262,non lectus aliquam sit amet diam in,true,message,226,56,284
263,suspendisse potenti in eleifend quam,false,message,135,951,157
264,nunc purus phasellus in felis donec semper sapien a,false,message,67,350,610
265,justo sollicitudin ut suscipit a feugiat et eros vestibulum,true,message,58,476,382
266,nisl nunc rhoncus dui vel sem sed sagittis nam,true,message,193,544,749
267,vulputate vitae nisl aenean lectus pellentesque eget,false,message,59,758,194
268,platea dictumst maecenas ut massa quis augue luctus,true,message,86,408,380
269,erat tortor sollicitudin mi,false,message,42,375,853
270,nunc purus phasellus,false,message,191,5,880
271,nulla dapibus dolor vel,false,message,135,816,988
272,suspendisse potenti cras,true,message,90,665,512
273,praesent id massa,true,message,183,932,766
274,consectetuer adipiscing elit proin,true,message,226,926,789
275,tortor duis mattis egestas metus aenean fermentum donec ut mauris,true,message,236,539,629
276,lectus in est risus auctor,false,message,94,293,854
277,pharetra magna ac consequat,true,message,16,41,619
278,morbi ut odio cras mi pede malesuada in imperdiet,true,message,117,349,873
279,eu orci mauris,false,message,57,586,671
280,elementum nullam varius nulla,false,message,64,675,560
281,convallis nunc proin,false,message,166,133,947
282,eget congue eget semper rutrum nulla nunc purus,true,message,147,254,454
283,pede posuere nonummy integer non velit donec diam neque vestibulum,true,message,177,794,452
284,nulla ut erat id mauris vulputate elementum nullam varius nulla,false,message,194,713,314
285,curabitur at ipsum,true,message,208,107,399
286,sit amet nulla,false,message,106,696,734
287,nulla tempus vivamus in felis eu,true,message,80,832,852
288,nascetur ridiculus mus etiam vel augue vestibulum rutrum rutrum neque,true,message,215,719,120
289,quam pede lobortis ligula sit amet eleifend,false,message,29,910,343
290,leo odio condimentum id,false,message,32,536,347
291,id turpis integer aliquet massa id lobortis convallis tortor,true,message,122,668,367
292,diam vitae quam suspendisse,false,message,12,389,296
293,proin interdum mauris non,false,message,212,827,108
294,in magna bibendum imperdiet nullam orci pede venenatis non sodales,true,message,127,341,535
295,elementum in hac,true,message,200,12,950
296,ut erat curabitur gravida,true,message,178,583,730
297,odio cras mi pede malesuada in imperdiet et,false,message,154,89,972
298,tincidunt eget tempus vel pede morbi porttitor lorem,true,message,65,74,61
299,eu nibh quisque id justo sit amet sapien dignissim vestibulum,true,message,158,280,202
300,vulputate nonummy maecenas tincidunt lacus at,true,message,180,310,77
301,pellentesque ultrices mattis,true,message,29,1000,163
302,eu massa donec dapibus duis at velit eu est,true,message,228,696,160
303,amet lobortis sapien sapien non mi integer ac,false,message,233,420,361
304,id justo sit amet sapien dignissim vestibulum vestibulum ante ipsum,false,message,93,906,337
305,vel est donec odio justo sollicitudin ut,true,message,114,524,901
306,erat id mauris vulputate elementum nullam varius nulla,true,message,139,640,509
307,natoque penatibus et magnis dis parturient montes nascetur ridiculus,true,message,11,942,58
308,et ultrices posuere cubilia curae nulla,false,message,178,163,940
309,platea dictumst aliquam augue quam sollicitudin vitae,true,message,215,831,357
310,ultrices posuere cubilia curae donec pharetra magna vestibulum,true,message,214,715,620
311,pede posuere nonummy integer non velit donec diam neque vestibulum,true,message,204,182,703
312,molestie hendrerit at vulputate vitae,true,message,82,656,988
313,est quam pharetra magna,true,message,116,452,68
314,molestie hendrerit at vulputate,false,message,3,954,526
315,lorem ipsum dolor sit amet consectetuer adipiscing elit,true,message,175,132,321
316,nulla ut erat id mauris,true,message,221,405,947
317,rhoncus aliquam lacus morbi quis tortor,false,message,240,815,178
318,mus etiam vel,true,message,24,333,233
319,lacinia sapien quis libero nullam sit amet turpis,false,message,240,628,647
320,in hac habitasse,true,message,250,837,161
321,commodo placerat praesent blandit nam,false,message,115,903,13
322,sit amet eleifend pede libero quis orci nullam molestie nibh,false,message,190,975,967
323,vestibulum velit id pretium iaculis diam,false,message,215,450,47
324,vestibulum ac est lacinia nisi venenatis tristique fusce,false,message,244,910,697
325,lacinia nisi venenatis tristique fusce congue diam id,true,message,195,41,82
326,posuere metus vitae ipsum aliquam non mauris morbi,false,message,56,815,793
327,maecenas ut massa quis,true,message,37,917,515
328,nulla sed accumsan felis ut at,true,message,26,717,631
329,sed justo pellentesque viverra pede ac,false,message,26,12,847
330,sollicitudin mi sit amet lobortis sapien sapien non mi,true,message,120,386,34
331,donec odio justo sollicitudin ut suscipit a feugiat,false,message,237,990,267
332,quam sapien varius ut,true,message,72,333,442
333,aliquam augue quam sollicitudin vitae consectetuer eget rutrum at lorem,false,message,236,686,371
334,sit amet cursus id turpis integer,false,message,128,23,608
335,parturient montes nascetur ridiculus mus,true,message,35,686,948
336,hac habitasse platea dictumst etiam faucibus cursus urna,false,message,162,993,684
337,felis fusce posuere,false,message,64,886,4
338,etiam justo etiam pretium iaculis justo in hac habitasse,false,message,55,909,678
339,vestibulum proin eu mi,false,message,208,500,549
340,lacinia nisi venenatis tristique,false,message,84,888,301
341,scelerisque quam turpis adipiscing lorem vitae,true,message,163,180,572
342,maecenas tincidunt lacus at,false,message,30,752,570
343,cum sociis natoque penatibus et magnis,false,message,85,664,285
344,sit amet eleifend pede libero quis,true,message,107,605,168
345,lobortis ligula sit amet,false,message,242,933,182
346,aliquam sit amet diam in magna,true,message,244,500,856
347,semper interdum mauris,false,message,241,645,404
348,eu magna vulputate,true,message,82,213,283
349,nunc proin at turpis a,true,message,196,457,337
350,eros suspendisse accumsan tortor quis turpis,false,message,235,677,955
351,mus vivamus vestibulum sagittis sapien cum,false,message,133,868,818
352,odio cras mi pede,false,message,48,916,20
353,felis donec semper sapien a libero nam dui proin,false,message,171,137,55
354,praesent id massa id nisl,true,message,246,741,152
355,potenti nullam porttitor lacus,true,message,75,985,3
356,ut tellus nulla ut erat id mauris vulputate elementum nullam,false,message,139,30,351
357,pellentesque eget nunc donec quis,false,message,112,920,621
358,etiam justo etiam,false,message,214,585,983
359,nullam varius nulla facilisi cras non velit nec,false,message,44,352,711
360,convallis nunc proin at,false,message,122,373,705
361,non mauris morbi non lectus,false,message,247,236,18
362,tempus semper est,true,message,136,488,687
363,turpis enim blandit mi in porttitor pede justo,false,message,198,693,325
364,pretium nisl ut volutpat sapien arcu,true,message,84,379,779
365,dapibus nulla suscipit ligula in lacus curabitur at ipsum,false,message,206,894,534
366,mus vivamus vestibulum sagittis sapien cum sociis natoque penatibus et,false,message,175,510,411
367,felis sed interdum venenatis turpis enim,false,message,36,758,229
368,tempus vel pede morbi porttitor lorem id,true,message,111,66,226
369,at turpis a pede posuere,false,message,67,328,661
370,mauris laoreet ut rhoncus aliquet pulvinar,false,message,210,303,158
371,augue aliquam erat volutpat in congue etiam justo etiam,true,message,162,762,497
372,ultrices posuere cubilia curae nulla dapibus,true,message,12,204,646
373,eu nibh quisque id justo sit amet sapien dignissim vestibulum,false,message,116,345,815
374,maecenas leo odio condimentum id luctus nec,false,message,106,18,993
375,nisl aenean lectus pellentesque eget nunc donec quis orci eget,false,message,65,693,915
376,a pede posuere nonummy,true,message,210,861,200
377,at nibh in hac habitasse platea dictumst aliquam,true,message,101,490,770
378,odio cras mi pede malesuada,false,message,22,663,392
379,nascetur ridiculus mus etiam vel augue vestibulum rutrum rutrum neque,true,message,182,420,401
380,in quis justo maecenas rhoncus aliquam lacus morbi quis tortor,true,message,205,975,152
381,suspendisse potenti in eleifend quam a,true,message,147,877,668
382,ac neque duis bibendum morbi non quam nec dui,true,message,127,379,352
383,sit amet consectetuer adipiscing elit proin interdum mauris,true,message,95,109,939
384,integer pede justo,true,message,164,49,584
385,mauris enim leo rhoncus sed vestibulum sit amet,false,message,17,130,588
386,velit donec diam neque vestibulum eget vulputate,true,message,45,937,331
387,ut massa volutpat convallis,true,message,162,139,800
388,ac nibh fusce lacus purus,true,message,97,559,472
389,vivamus metus arcu,true,message,118,281,723
390,iaculis congue vivamus metus arcu adipiscing,false,message,201,724,865
391,justo nec condimentum neque,false,message,217,305,812
392,nulla ultrices aliquet maecenas leo odio,true,message,65,80,665
393,sapien cum sociis natoque penatibus et magnis dis parturient,true,message,61,961,610
394,volutpat erat quisque erat eros viverra eget congue eget,false,message,53,884,26
395,risus auctor sed tristique in tempus sit,true,message,166,872,297
396,suscipit a feugiat et eros vestibulum ac,true,message,104,580,54
397,pede morbi porttitor lorem id ligula suspendisse ornare consequat,false,message,30,46,350
398,hac habitasse platea dictumst,false,message,54,642,872
399,metus arcu adipiscing molestie hendrerit at,false,message,132,706,155
400,ultrices enim lorem ipsum dolor sit amet consectetuer adipiscing,false,message,160,547,697
401,leo maecenas pulvinar lobortis est phasellus sit,false,message,130,646,266
402,amet consectetuer adipiscing elit,false,message,172,368,587
403,ut suscipit a feugiat et,true,message,180,701,401
404,sociis natoque penatibus,true,message,60,545,648
405,sit amet eros suspendisse accumsan,true,message,183,165,776
406,lacinia sapien quis libero nullam sit,true,message,192,271,915
407,in ante vestibulum ante,false,message,132,161,517
408,sit amet nunc viverra dapibus nulla suscipit ligula in,true,message,165,99,712
409,nisl ut volutpat sapien arcu sed augue aliquam erat volutpat,true,message,211,492,908
410,ut massa quis augue luctus tincidunt,false,message,168,508,480
411,lacus at turpis donec posuere metus,false,message,178,626,680
412,pharetra magna ac,false,message,250,34,642
413,ante vestibulum ante ipsum primis,true,message,236,762,928
414,massa volutpat convallis morbi,true,message,66,504,725
415,vitae mattis nibh ligula nec sem duis aliquam,false,message,30,658,53
416,proin leo odio porttitor,true,message,34,797,758
417,nullam porttitor lacus at,false,message,182,563,167
418,bibendum imperdiet nullam orci pede,false,message,54,339,278
419,id luctus nec molestie sed justo,false,message,156,987,838
420,dolor vel est donec odio justo sollicitudin,false,message,181,225,212
421,maecenas tristique est et tempus semper est,true,message,174,346,993
422,sit amet lobortis sapien sapien non mi integer ac neque,false,message,120,86,861
423,donec ut dolor morbi vel lectus,false,message,207,804,163
424,libero ut massa,true,message,49,387,732
425,ipsum primis in faucibus orci,false,message,241,188,258
426,amet diam in magna bibendum imperdiet nullam orci,true,message,10,357,901
427,luctus et ultrices posuere cubilia curae donec pharetra magna,false,message,136,211,595
428,volutpat eleifend donec ut,true,message,174,546,564
429,quis libero nullam,true,message,173,315,948
430,elit proin risus praesent lectus vestibulum quam,false,message,187,65,767
431,integer ac leo pellentesque ultrices mattis odio,true,message,118,54,54
432,rutrum rutrum neque aenean auctor gravida sem praesent id massa,true,message,163,663,905
433,ultrices aliquet maecenas leo odio condimentum id luctus nec,true,message,208,500,377
434,libero convallis eget,false,message,223,168,563
435,montes nascetur ridiculus mus vivamus vestibulum sagittis,false,message,208,743,383
436,eget congue eget semper rutrum nulla,false,message,38,882,139
437,in lacus curabitur at ipsum,false,message,115,647,28
438,a feugiat et eros,false,message,243,485,625
439,ac nulla sed,false,message,139,328,219
440,pellentesque ultrices mattis,false,message,112,340,278
441,phasellus id sapien in sapien iaculis congue vivamus metus,false,message,148,499,476
442,accumsan tortor quis turpis sed ante vivamus tortor,false,message,222,247,507
443,malesuada in imperdiet et commodo vulputate justo,false,message,176,997,877
444,tincidunt lacus at velit vivamus vel,true,message,135,771,932
445,velit vivamus vel nulla eget eros elementum pellentesque quisque porta,false,message,106,602,71
446,aenean fermentum donec ut mauris,false,message,5,961,937
447,magna bibendum imperdiet nullam orci pede venenatis non,true,message,116,654,423
448,non sodales sed tincidunt eu felis fusce posuere felis,true,message,95,451,125
449,pretium quis lectus suspendisse potenti,false,message,192,576,532
450,pretium nisl ut volutpat sapien arcu sed augue aliquam erat,false,message,170,323,744
451,phasellus id sapien in sapien iaculis congue vivamus metus,true,message,110,717,193
452,amet lobortis sapien sapien non mi integer ac,false,message,248,763,199
453,parturient montes nascetur ridiculus mus,false,message,172,664,926
454,posuere cubilia curae mauris viverra diam vitae quam suspendisse potenti,false,message,161,797,365
455,amet justo morbi ut odio cras mi pede,true,message,20,218,205
456,at nibh in,false,message,102,129,189
457,ac diam cras pellentesque volutpat dui maecenas tristique est et,false,message,137,548,399
458,morbi a ipsum integer a nibh in quis justo,false,message,54,250,55
459,iaculis diam erat fermentum justo,true,message,93,975,395
460,ac lobortis vel,true,message,61,696,246
461,donec vitae nisi nam ultrices,true,message,37,923,450
462,ipsum primis in faucibus orci,true,message,225,362,179
463,nam nulla integer pede justo,true,message,177,309,667
464,metus aenean fermentum donec ut mauris eget massa tempor convallis,false,message,17,150,909
465,at velit eu est congue,true,message,145,27,586
466,diam cras pellentesque,true,message,117,223,333
467,nibh in hac habitasse platea dictumst aliquam augue,true,message,51,112,233
468,vestibulum ante ipsum primis in faucibus orci luctus,true,message,137,809,547
469,odio porttitor id consequat in consequat ut,true,message,11,620,342
470,nisi vulputate nonummy maecenas tincidunt lacus at velit vivamus vel,true,message,114,647,634
471,aliquam non mauris morbi non lectus aliquam sit amet,false,message,34,64,390
472,diam erat fermentum justo nec condimentum neque sapien,false,message,80,924,613
473,odio curabitur convallis,true,message,23,725,942
474,vestibulum rutrum rutrum neque aenean,true,message,89,739,265
475,fermentum justo nec condimentum neque sapien placerat ante,true,message,85,397,95
476,curabitur in libero ut massa volutpat,false,message,20,917,400
477,aenean auctor gravida sem,false,message,157,34,500
478,aenean sit amet justo,false,message,39,215,197
479,lorem vitae mattis nibh ligula nec sem duis aliquam,false,message,58,99,707
480,posuere cubilia curae donec pharetra magna vestibulum aliquet,false,message,230,243,665
481,semper interdum mauris ullamcorper purus sit,false,message,94,183,712
482,maecenas rhoncus aliquam lacus morbi,true,message,8,802,833
483,nisi nam ultrices libero non mattis pulvinar nulla,false,message,136,211,878
484,quis turpis sed ante vivamus tortor duis mattis egestas,false,message,161,783,631
485,cras mi pede malesuada in imperdiet et commodo,false,message,59,830,329
486,rutrum rutrum neque aenean auctor gravida,true,message,126,286,727
487,nec nisi vulputate,false,message,250,371,721
488,et ultrices posuere cubilia curae duis faucibus accumsan odio curabitur,false,message,152,505,730
489,cubilia curae nulla dapibus dolor vel,true,message,157,251,613
490,augue vel accumsan tellus nisi eu orci,false,message,211,369,425
491,vel augue vestibulum ante ipsum primis in faucibus,true,message,6,300,731
492,et magnis dis parturient montes nascetur ridiculus mus vivamus,true,message,95,508,276
493,elementum ligula vehicula consequat morbi a ipsum integer,true,message,70,996,133
494,morbi ut odio cras mi pede malesuada,false,message,48,185,898
495,etiam pretium iaculis justo in hac habitasse platea dictumst,false,message,210,685,406
496,arcu adipiscing molestie hendrerit at vulputate vitae,true,message,93,669,920
497,curabitur at ipsum ac tellus semper interdum mauris,true,message,248,553,363
498,parturient montes nascetur ridiculus,false,message,37,590,856
499,semper rutrum nulla nunc purus phasellus in,false,message,47,951,964
500,nulla mollis molestie lorem quisque,true,message,186,146,571
501,lacus morbi sem mauris laoreet ut rhoncus aliquet pulvinar,false,message,155,605,676
502,praesent lectus vestibulum quam sapien varius ut,true,message,41,629,142
503,mauris enim leo rhoncus,true,message,9,228,167
504,eleifend donec ut,true,message,94,682,994
505,maecenas tincidunt lacus at velit,false,message,117,908,328
506,aliquam convallis nunc,true,message,201,865,929
507,pellentesque ultrices mattis odio donec vitae nisi nam ultrices,true,message,78,270,974
508,dictumst etiam faucibus cursus urna ut tellus nulla,false,message,84,154,555
509,enim sit amet nunc viverra dapibus,true,message,31,246,384
510,tortor id nulla ultrices aliquet,true,message,164,435,551
511,sed lacus morbi sem mauris laoreet ut rhoncus aliquet pulvinar,true,message,186,613,110
512,ipsum integer a nibh in quis justo maecenas,true,message,153,439,474
513,augue vestibulum ante,true,message,247,178,723
514,maecenas tristique est et tempus semper est quam,true,message,221,826,794
515,mattis pulvinar nulla,true,message,88,161,383
516,imperdiet nullam orci pede venenatis non sodales sed tincidunt eu,false,message,91,279,507
517,sapien a libero nam dui proin leo,false,message,19,392,165
518,sapien sapien non mi integer,false,message,217,645,302
519,non pretium quis lectus suspendisse,false,message,174,887,297
520,cras pellentesque volutpat dui maecenas tristique est,false,message,15,305,715
521,magna vestibulum aliquet,false,message,63,988,207
522,vel nisl duis ac nibh fusce lacus purus aliquet at,true,message,9,874,644
523,in consequat ut,false,message,232,97,180
524,luctus et ultrices,false,message,148,66,665
525,in lacus curabitur,true,message,18,122,959
526,ornare imperdiet sapien urna pretium nisl ut volutpat sapien arcu,true,message,168,831,822
527,libero rutrum ac,true,message,218,29,875
528,dapibus nulla suscipit ligula in lacus,false,message,28,229,787
529,justo eu massa donec dapibus duis at velit eu,true,message,161,978,265
530,iaculis justo in hac,false,message,101,36,79
531,ridiculus mus etiam vel augue vestibulum rutrum rutrum neque aenean,true,message,192,932,484
532,in felis eu sapien cursus vestibulum proin eu mi nulla,true,message,160,102,419
533,justo etiam pretium iaculis justo,true,message,240,255,613
534,metus arcu adipiscing molestie hendrerit at vulputate vitae nisl aenean,true,message,38,507,632
535,id ligula suspendisse ornare consequat lectus in,true,message,169,373,146
536,quam sollicitudin vitae consectetuer eget rutrum at lorem integer tincidunt,true,message,131,828,93
537,imperdiet et commodo vulputate justo in blandit ultrices enim lorem,false,message,180,779,675
538,cursus vestibulum proin eu,false,message,146,272,542
539,nisl duis ac nibh fusce lacus purus aliquet at feugiat,false,message,32,516,314
540,quam fringilla rhoncus mauris enim leo rhoncus sed vestibulum,false,message,97,644,250
541,integer ac neque duis bibendum morbi non quam nec,false,message,222,267,614
542,amet sem fusce consequat nulla nisl nunc nisl duis,true,message,246,917,502
543,commodo vulputate justo in blandit ultrices,true,message,121,993,209
544,ut mauris eget,false,message,48,878,541
545,eu sapien cursus vestibulum proin,true,message,198,279,466
546,amet sapien dignissim,false,message,35,242,825
547,lacus at turpis donec posuere metus vitae ipsum aliquam,true,message,99,779,204
548,eget elit sodales scelerisque mauris sit amet eros suspendisse accumsan,true,message,148,601,113
549,posuere felis sed lacus morbi sem mauris laoreet ut,true,message,197,484,991
550,molestie sed justo pellentesque viverra pede ac diam,false,message,155,484,154
551,amet sem fusce consequat,false,message,147,560,736
552,dolor vel est donec odio justo,true,message,3,879,669
553,tincidunt eget tempus,false,message,242,371,154
554,aenean fermentum donec ut,true,message,241,730,857
555,erat tortor sollicitudin mi sit amet lobortis sapien,false,message,83,770,959
556,vel augue vestibulum ante ipsum primis in faucibus,true,message,201,127,570
557,porttitor lacus at turpis donec,true,message,230,346,339
558,sed augue aliquam erat volutpat in congue,false,message,235,152,185
559,consectetuer eget rutrum at lorem integer tincidunt ante,true,message,86,289,938
560,convallis morbi odio odio elementum eu,false,message,57,705,491
561,eget tincidunt eget tempus vel pede,true,message,99,916,489
562,hendrerit at vulputate vitae,false,message,120,266,518
563,eu massa donec dapibus,false,message,74,400,348
564,eu magna vulputate luctus cum sociis natoque penatibus et,false,message,51,863,927
565,nulla ultrices aliquet maecenas leo odio,true,message,174,334,584
566,dui proin leo odio porttitor id consequat in,true,message,203,334,111
567,nisl duis bibendum felis sed,false,message,20,640,166
568,placerat ante nulla justo aliquam,true,message,108,15,883
569,sem mauris laoreet,false,message,181,671,368
570,mattis odio donec vitae nisi nam ultrices libero non mattis,true,message,191,968,589
571,nisl ut volutpat sapien arcu sed augue aliquam,false,message,160,95,608
572,pellentesque ultrices mattis odio donec vitae nisi nam ultrices libero,false,message,177,556,934
573,rhoncus dui vel sem sed sagittis nam congue risus semper,false,message,245,298,915
574,a feugiat et eros vestibulum ac est lacinia nisi venenatis,true,message,38,788,334
575,at nibh in hac habitasse platea dictumst aliquam augue,false,message,165,917,768
576,nibh quisque id justo sit amet sapien dignissim,false,message,143,7,876
577,nonummy integer non velit,true,message,186,589,695
578,amet sapien dignissim vestibulum vestibulum ante ipsum primis,false,message,82,817,418
579,justo etiam pretium,true,message,148,256,298
580,sodales scelerisque mauris sit amet eros suspendisse accumsan,true,message,47,143,976
581,donec semper sapien a libero nam dui proin,false,message,153,559,45
582,dui nec nisi,true,message,155,806,96
583,sed justo pellentesque viverra pede ac diam cras pellentesque volutpat,true,message,136,74,53
584,erat tortor sollicitudin mi sit amet lobortis,false,message,138,806,615
585,vestibulum aliquet ultrices erat tortor sollicitudin mi sit amet lobortis,false,message,31,871,566
586,ante ipsum primis in faucibus,true,message,173,517,215
587,eget congue eget semper rutrum nulla nunc,true,message,248,792,536
588,bibendum felis sed interdum venenatis turpis,false,message,205,11,17
589,maecenas leo odio condimentum id luctus nec,false,message,248,718,256
590,est congue elementum in hac habitasse,true,message,64,225,565
591,posuere metus vitae,false,message,205,506,353
592,et eros vestibulum ac est lacinia nisi venenatis,true,message,47,314,256
593,erat quisque erat,true,message,134,57,434
594,aliquet ultrices erat tortor sollicitudin mi sit amet,false,message,195,230,191
595,libero non mattis pulvinar nulla pede ullamcorper,true,message,143,106,917
596,eros suspendisse accumsan tortor quis turpis sed ante vivamus,false,message,249,422,74
597,quis lectus suspendisse potenti in eleifend quam a,true,message,30,706,147
598,cursus id turpis integer,false,message,37,249,941
599,vitae consectetuer eget rutrum at lorem integer tincidunt,false,message,199,452,285
600,montes nascetur ridiculus mus etiam vel augue vestibulum,false,message,72,955,466
601,adipiscing molestie hendrerit at vulputate vitae nisl,false,message,68,477,524
602,metus sapien ut nunc vestibulum ante ipsum primis in faucibus,false,message,37,213,667
603,vel est donec odio justo sollicitudin ut suscipit a,false,message,69,505,783
604,aenean auctor gravida sem praesent id massa id nisl,false,message,52,596,991
605,molestie lorem quisque ut,false,message,2,340,327
606,non sodales sed tincidunt eu felis fusce posuere felis sed,true,message,207,718,459
607,vel ipsum praesent blandit lacinia erat vestibulum,true,message,93,472,906
608,lacus purus aliquet at,true,message,150,409,613
609,donec odio justo sollicitudin ut suscipit a,true,message,42,586,598
610,nulla ultrices aliquet maecenas leo odio condimentum id luctus,true,message,136,431,616
611,eu mi nulla ac enim in,true,message,176,450,841
612,suscipit ligula in lacus,false,message,161,410,912
613,congue diam id ornare imperdiet sapien urna pretium nisl ut,true,message,48,842,339
614,primis in faucibus orci luctus et ultrices posuere,true,message,170,621,793
615,ante ipsum primis in faucibus orci,false,message,166,89,518
616,nisl duis bibendum felis sed interdum venenatis,false,message,38,801,685
617,in lacus curabitur at ipsum ac tellus semper,false,message,82,136,392
618,urna pretium nisl ut volutpat sapien arcu sed augue aliquam,true,message,238,797,681
619,leo pellentesque ultrices mattis odio donec vitae nisi,true,message,167,255,309
620,sagittis nam congue risus semper porta,true,message,111,180,493
621,amet erat nulla tempus vivamus in felis eu,false,message,99,807,260
622,mi sit amet lobortis sapien sapien,false,message,201,544,852
623,quis turpis eget elit sodales scelerisque,false,message,167,334,653
624,lectus pellentesque at nulla,false,message,161,184,816
625,luctus ultricies eu nibh quisque,false,message,236,769,156
626,erat fermentum justo,true,message,76,492,942
627,ultrices mattis odio donec vitae,true,message,156,21,931
628,vitae consectetuer eget,true,message,35,169,681
629,mi sit amet lobortis,false,message,6,132,618
630,enim lorem ipsum dolor sit amet consectetuer adipiscing elit,true,message,195,308,880
631,donec posuere metus vitae ipsum aliquam,false,message,198,148,593
632,curabitur convallis duis consequat dui nec nisi,true,message,181,214,137
633,lorem id ligula suspendisse ornare,false,message,199,216,246
634,magna ac consequat metus sapien ut nunc vestibulum ante ipsum,true,message,12,9,234
635,pretium iaculis diam,true,message,226,940,770
636,amet sem fusce consequat nulla nisl nunc nisl duis,false,message,249,164,109
637,neque sapien placerat ante,true,message,219,147,220
638,risus dapibus augue,true,message,10,677,348
639,penatibus et magnis dis parturient montes,true,message,12,936,297
640,justo morbi ut odio,false,message,113,900,285
641,iaculis congue vivamus metus arcu adipiscing molestie hendrerit at,false,message,157,614,458
642,morbi non quam nec dui luctus,false,message,41,468,579
643,molestie nibh in lectus,true,message,215,866,737
644,curabitur in libero ut massa volutpat convallis morbi odio odio,true,message,49,244,5
645,habitasse platea dictumst etiam faucibus cursus,false,message,238,442,122
646,erat quisque erat eros viverra,true,message,97,119,959
647,amet nunc viverra dapibus nulla suscipit ligula in lacus curabitur,false,message,104,827,967
648,in hac habitasse platea dictumst morbi vestibulum,true,message,110,78,658
649,lectus vestibulum quam sapien varius,true,message,98,381,40
650,erat eros viverra eget congue,true,message,206,482,961
651,libero ut massa volutpat convallis morbi odio odio elementum eu,false,message,14,60,641
652,sapien non mi integer ac neque duis bibendum morbi non,true,message,40,829,376
653,aliquam quis turpis eget,true,message,241,259,308
654,ligula suspendisse ornare consequat lectus in est risus,true,message,166,928,295
655,cubilia curae donec pharetra magna vestibulum aliquet,false,message,56,722,304
656,quis turpis sed ante vivamus tortor duis mattis,false,message,3,957,223
657,velit eu est congue elementum in hac,true,message,194,420,675
658,tempus vivamus in felis,false,message,195,711,955
659,vestibulum vestibulum ante ipsum primis,true,message,52,822,181
660,in consequat ut nulla sed accumsan,true,message,6,63,362
661,etiam faucibus cursus,true,message,0,788,473
662,nulla elit ac nulla sed vel enim,true,message,244,543,644
663,elementum eu interdum,true,message,79,990,620
664,dapibus augue vel accumsan tellus nisi eu,false,message,27,397,717
665,quam fringilla rhoncus mauris,false,message,240,825,336
666,ut volutpat sapien arcu sed augue aliquam erat,true,message,40,722,725
667,ornare consequat lectus in est,false,message,140,548,964
668,habitasse platea dictumst etiam faucibus cursus urna ut tellus,true,message,185,410,185
669,vel nisl duis ac nibh fusce,false,message,144,336,871
670,mi sit amet lobortis sapien sapien,true,message,16,595,671
671,nulla suspendisse potenti cras in purus eu,true,message,197,658,608
672,dis parturient montes,true,message,197,298,913
673,et magnis dis parturient montes nascetur,true,message,123,921,3
674,luctus et ultrices posuere cubilia curae mauris viverra,false,message,186,942,534
675,sit amet eros suspendisse accumsan tortor quis,true,message,128,361,353
676,convallis nunc proin,false,message,113,495,885
677,nunc proin at turpis,true,message,195,429,545
678,pellentesque ultrices phasellus id sapien in sapien,false,message,12,904,245
679,augue vel accumsan tellus nisi,false,message,33,582,351
680,fusce posuere felis sed lacus morbi sem mauris,false,message,3,238,71
681,montes nascetur ridiculus mus etiam vel augue vestibulum rutrum rutrum,false,message,143,867,216
682,eu est congue elementum in,false,message,75,346,666
683,quis turpis sed ante vivamus,true,message,227,316,777
684,odio donec vitae nisi nam ultrices,true,message,144,852,696
685,nulla suscipit ligula in lacus curabitur at,true,message,174,18,614
686,magnis dis parturient montes nascetur ridiculus mus vivamus,false,message,60,769,285
687,dictumst etiam faucibus cursus urna ut tellus nulla,false,message,237,484,284
688,curae donec pharetra magna vestibulum,false,message,176,644,271
689,vestibulum eget vulputate,false,message,69,387,922
690,at nulla suspendisse potenti cras,false,message,54,872,188
691,tortor sollicitudin mi sit amet lobortis sapien sapien,true,message,121,440,780
692,in tempus sit amet sem fusce consequat,false,message,150,614,726
693,nisl ut volutpat sapien arcu sed augue aliquam erat,false,message,92,5,416
694,at dolor quis odio consequat varius integer ac,false,message,120,592,63
695,cursus id turpis integer aliquet,true,message,144,930,734
696,nonummy maecenas tincidunt lacus,true,message,28,206,363
697,nascetur ridiculus mus etiam vel,true,message,34,594,196
698,aliquet ultrices erat tortor,false,message,50,153,873
699,ac lobortis vel dapibus at diam nam tristique tortor eu,false,message,20,270,484
700,augue aliquam erat volutpat in congue etiam justo etiam,false,message,242,183,534
701,nisi venenatis tristique fusce,false,message,60,69,519
702,vel sem sed sagittis nam,true,message,175,84,370
703,sem mauris laoreet ut rhoncus aliquet pulvinar sed nisl,false,message,170,626,242
704,donec dapibus duis at velit,false,message,132,754,888
705,lectus aliquam sit amet diam in magna bibendum imperdiet,true,message,133,709,956
706,augue aliquam erat volutpat in congue etiam justo,false,message,57,56,246
707,turpis a pede posuere,false,message,210,307,624
708,curae nulla dapibus dolor vel est donec odio,false,message,191,159,736
709,duis bibendum felis sed interdum venenatis,true,message,104,981,673
710,amet sem fusce consequat nulla nisl nunc,false,message,179,192,365
711,lorem quisque ut erat curabitur gravida nisi at,true,message,161,487,10
712,orci eget orci vehicula condimentum curabitur in libero ut massa,true,message,222,335,416
713,neque libero convallis eget eleifend luctus ultricies eu,true,message,101,86,8
714,sapien iaculis congue vivamus metus arcu,true,message,212,807,773
715,natoque penatibus et magnis,true,message,74,37,396
716,cursus urna ut tellus nulla,true,message,107,639,991
717,libero nam dui proin leo odio porttitor,false,message,238,976,496
718,odio porttitor id consequat in,false,message,201,37,461
719,vulputate justo in blandit,true,message,1,419,443
720,nibh in quis justo,true,message,171,384,950
721,elementum in hac habitasse,true,message,173,954,422
722,felis donec semper sapien a libero nam dui,true,message,83,920,669
723,metus sapien ut nunc vestibulum,false,message,87,63,903
724,ac leo pellentesque ultrices mattis odio donec vitae,true,message,169,588,624
725,lobortis ligula sit amet eleifend pede libero quis orci,true,message,31,277,88
726,aliquet ultrices erat tortor sollicitudin mi sit amet lobortis sapien,false,message,90,987,485
727,nam dui proin leo odio,true,message,243,978,460
728,sit amet consectetuer,false,message,98,290,776
729,mattis odio donec vitae nisi nam ultrices libero non mattis,false,message,161,497,183
730,mauris eget massa tempor,true,message,85,701,105
731,cursus vestibulum proin eu mi nulla ac enim in,true,message,74,590,179
732,condimentum neque sapien placerat,true,message,96,610,165
733,mollis molestie lorem quisque ut,true,message,132,22,341
734,eu nibh quisque id justo sit,true,message,158,282,679
735,ornare consequat lectus in est risus auctor sed tristique,false,message,122,351,32
736,nunc nisl duis,false,message,237,956,510
737,tortor duis mattis egestas metus aenean fermentum,true,message,225,818,339
738,quam nec dui,true,message,218,904,89
739,orci pede venenatis non sodales sed,false,message,183,220,386
740,etiam pretium iaculis justo in hac habitasse platea dictumst,false,message,75,677,822
741,libero ut massa volutpat convallis morbi odio odio elementum,false,message,16,570,299
742,lacus morbi sem mauris laoreet ut,true,message,203,13,669
743,semper est quam pharetra magna ac consequat metus sapien ut,true,message,224,52,732
744,nec nisi vulputate nonummy maecenas tincidunt lacus at velit vivamus,true,message,159,694,377
745,sem sed sagittis nam congue risus semper,false,message,117,303,520
746,sollicitudin vitae consectetuer eget rutrum at lorem integer tincidunt ante,false,message,83,519,536
747,ut suscipit a feugiat et eros,false,message,153,507,958
748,sed magna at nunc commodo placerat praesent,false,message,110,832,797
749,vivamus vestibulum sagittis sapien cum sociis natoque penatibus et,true,message,93,717,683
750,turpis eget elit sodales scelerisque mauris sit,false,message,54,834,67
751,luctus nec molestie sed,true,message,66,465,96
752,enim in tempor turpis nec euismod scelerisque,true,message,88,169,468
753,mauris vulputate elementum,true,message,89,197,100
754,pede libero quis orci,false,message,65,948,907
755,duis bibendum felis sed interdum venenatis,false,message,217,28,488
756,in imperdiet et commodo vulputate justo in blandit ultrices enim,false,message,211,554,504
757,at turpis donec posuere metus vitae ipsum,false,message,74,916,688
758,in porttitor pede justo,true,message,124,495,536
759,ante vestibulum ante,true,message,238,432,814
760,aliquet ultrices erat tortor sollicitudin mi sit,false,message,47,895,311
761,donec vitae nisi nam ultrices,true,message,99,143,561
762,eleifend quam a odio,true,message,195,224,281
763,maecenas tincidunt lacus,false,message,50,445,155
764,etiam justo etiam pretium iaculis,true,message,81,824,902
765,venenatis lacinia aenean sit amet,true,message,6,834,262
766,pharetra magna ac consequat metus sapien ut nunc vestibulum,false,message,229,369,359
767,vulputate vitae nisl aenean,true,message,65,650,997
768,blandit non interdum in ante vestibulum ante ipsum primis,false,message,26,213,171
769,hendrerit at vulputate,true,message,167,128,766
770,lobortis ligula sit amet eleifend pede libero quis orci,false,message,141,871,551
771,cubilia curae duis faucibus accumsan odio curabitur convallis,false,message,210,767,700
772,est donec odio justo sollicitudin ut suscipit a,false,message,129,763,904
773,condimentum id luctus nec molestie sed justo pellentesque viverra pede,true,message,75,274,822
774,faucibus orci luctus et ultrices posuere,true,message,127,535,387
775,duis ac nibh fusce lacus purus aliquet at feugiat,true,message,35,625,667
776,in hac habitasse platea dictumst morbi vestibulum velit id pretium,true,message,119,651,204
777,erat nulla tempus vivamus,false,message,186,589,733
778,sed justo pellentesque viverra pede ac diam,false,message,223,818,630
779,in felis eu sapien cursus vestibulum proin eu,false,message,193,913,553
780,vestibulum proin eu mi nulla ac,false,message,221,104,820
781,aenean lectus pellentesque eget nunc donec quis,true,message,145,139,285
782,lacus curabitur at ipsum,false,message,117,599,479
783,duis at velit eu,false,message,148,272,490
784,sit amet cursus id,true,message,61,692,57
785,cubilia curae nulla dapibus dolor vel est donec odio,false,message,34,960,443
786,dolor quis odio consequat,false,message,73,364,948
787,augue vel accumsan tellus nisi eu orci,true,message,230,8,290
788,volutpat quam pede lobortis ligula sit amet eleifend pede,true,message,178,610,193
789,quis augue luctus tincidunt nulla mollis molestie lorem quisque,true,message,115,766,866
790,in sapien iaculis congue,false,message,100,110,979
791,elit sodales scelerisque,false,message,97,735,72
792,ac est lacinia nisi,false,message,39,434,81
793,donec diam neque vestibulum eget vulputate ut ultrices vel,true,message,86,409,854
794,felis ut at dolor quis odio,true,message,65,721,102
795,sagittis nam congue risus semper porta volutpat,false,message,181,287,287
796,orci nullam molestie nibh in lectus pellentesque at nulla suspendisse,true,message,17,128,924
797,pede justo eu massa donec dapibus duis at velit,false,message,52,988,7
798,nonummy integer non velit donec,true,message,138,23,694
799,in tempus sit,true,message,249,384,33
800,luctus et ultrices posuere cubilia,false,message,101,592,394
801,in lectus pellentesque at nulla suspendisse potenti cras,false,message,139,351,137
802,sed nisl nunc rhoncus dui vel sem sed,false,message,88,856,897
803,auctor sed tristique in tempus sit amet sem fusce,true,message,130,339,93
804,tempus sit amet sem fusce consequat,true,message,182,206,748
805,aliquam convallis nunc proin,false,message,94,224,887
806,accumsan felis ut at dolor quis odio,false,message,154,477,765
807,tellus semper interdum,true,message,10,103,443
808,vulputate elementum nullam varius nulla facilisi cras non,true,message,0,74,852
809,dignissim vestibulum vestibulum ante ipsum primis in faucibus,false,message,104,942,719
810,ultricies eu nibh quisque id justo sit amet,true,message,115,972,892
811,sem sed sagittis,false,message,20,266,501
812,eget massa tempor convallis nulla neque libero convallis eget eleifend,true,message,147,132,202
813,eu mi nulla ac enim in tempor,false,message,86,167,945
814,dui proin leo odio porttitor id consequat in consequat ut,false,message,248,443,190
815,tellus in sagittis dui vel nisl,false,message,105,532,107
816,in imperdiet et commodo vulputate justo in blandit,true,message,21,297,525
817,lectus pellentesque at nulla,false,message,208,319,265
818,sed vestibulum sit amet cursus id turpis integer,false,message,105,898,257
819,sem fusce consequat nulla nisl,false,message,22,758,807
820,felis eu sapien cursus vestibulum,true,message,104,369,474
821,turpis a pede,true,message,128,670,33
822,ut nunc vestibulum,true,message,86,798,765
823,ut ultrices vel augue vestibulum,false,message,125,477,673
824,erat fermentum justo nec condimentum,false,message,44,710,587
825,ipsum dolor sit,true,message,226,545,652
826,ante ipsum primis in faucibus orci luctus,false,message,196,961,831
827,id lobortis convallis tortor risus dapibus augue,false,message,98,165,808
828,integer a nibh in quis,true,message,130,836,408
829,sed vel enim sit amet nunc viverra dapibus,true,message,5,328,628
830,in imperdiet et commodo vulputate justo in blandit ultrices,false,message,207,793,365
831,libero nam dui proin leo,false,message,58,983,374
832,ligula vehicula consequat morbi a ipsum integer a nibh in,false,message,57,486,717
833,ultrices posuere cubilia curae mauris viverra diam vitae quam suspendisse,true,message,110,454,167
834,tincidunt eu felis fusce posuere,true,message,115,567,52
835,sed justo pellentesque viverra pede ac,true,message,52,212,129
836,mollis molestie lorem quisque ut erat,false,message,238,644,24
837,viverra eget congue eget semper rutrum nulla,false,message,0,424,544
838,nascetur ridiculus mus vivamus vestibulum sagittis sapien cum,true,message,222,891,640
839,tincidunt ante vel ipsum praesent,false,message,70,280,254
840,nonummy integer non velit donec diam neque vestibulum,true,message,32,339,551
841,elementum ligula vehicula consequat,true,message,84,480,356
842,in magna bibendum imperdiet nullam orci,true,message,72,710,415
843,tristique in tempus sit amet,false,message,106,697,390
844,nisi at nibh,true,message,233,732,9
845,habitasse platea dictumst aliquam augue quam sollicitudin vitae consectetuer,true,message,34,405,794
846,at turpis a pede posuere nonummy,false,message,45,177,77
847,lobortis est phasellus sit amet erat nulla,false,message,154,40,888
848,sit amet erat,true,message,49,767,823
849,vel augue vestibulum rutrum rutrum neque aenean,true,message,139,648,236
850,velit nec nisi vulputate nonummy maecenas tincidunt,false,message,149,729,223
851,vehicula condimentum curabitur in,false,message,11,825,860
852,amet consectetuer adipiscing elit,true,message,105,807,992
853,adipiscing elit proin interdum mauris non,false,message,196,17,830
854,odio justo sollicitudin ut suscipit a,true,message,158,255,469
855,erat id mauris vulputate elementum nullam varius nulla facilisi cras,true,message,59,53,881
856,nulla eget eros elementum pellentesque quisque porta volutpat erat,true,message,80,755,359
857,tortor sollicitudin mi sit amet lobortis sapien,true,message,87,831,428
858,sem praesent id massa id,false,message,247,937,587
859,maecenas leo odio condimentum id luctus,false,message,100,281,534
860,sit amet erat nulla tempus vivamus in felis,true,message,223,60,346
861,rutrum nulla nunc purus phasellus in felis donec semper,false,message,222,463,695
862,amet eleifend pede libero quis orci nullam,false,message,26,962,263
863,augue a suscipit nulla elit ac nulla sed vel,true,message,151,164,970
864,massa volutpat convallis morbi odio,false,message,88,451,117
865,dolor vel est donec odio justo sollicitudin,false,message,162,97,558
866,gravida nisi at nibh in hac habitasse platea dictumst,false,message,126,350,200
867,quis orci nullam molestie nibh,true,message,12,235,690
868,luctus et ultrices posuere cubilia,true,message,166,80,259
869,placerat ante nulla,true,message,98,931,768
870,turpis nec euismod scelerisque quam turpis adipiscing lorem vitae,true,message,72,310,281
871,donec pharetra magna vestibulum,false,message,91,882,46
872,sit amet consectetuer adipiscing elit proin interdum mauris non ligula,false,message,67,310,174
873,rutrum rutrum neque aenean auctor gravida sem,true,message,66,405,819
874,maecenas leo odio condimentum id luctus nec molestie sed justo,false,message,103,565,975
875,justo eu massa donec dapibus duis at velit eu est,false,message,60,428,883
876,tempus semper est quam pharetra magna ac consequat metus sapien,true,message,209,484,677
877,nisi at nibh in hac habitasse,true,message,6,764,481
878,dui luctus rutrum nulla,true,message,189,11,798
879,vitae ipsum aliquam non mauris morbi non lectus,false,message,27,241,980
880,tristique fusce congue,false,message,176,973,614
881,eleifend donec ut dolor morbi vel,true,message,50,884,83
882,luctus nec molestie sed justo pellentesque viverra pede,true,message,220,538,152
883,ut erat curabitur gravida nisi at nibh in,false,message,30,425,227
884,vitae ipsum aliquam non mauris morbi non,false,message,107,298,874
885,consequat metus sapien ut nunc vestibulum ante ipsum primis,false,message,212,511,651
886,in felis donec semper sapien a libero nam dui,false,message,37,591,193
887,blandit nam nulla,false,message,142,994,430
888,malesuada in imperdiet et commodo vulputate justo,true,message,219,81,97
889,nunc rhoncus dui vel sem sed sagittis nam congue,false,message,3,966,481
890,imperdiet nullam orci,true,message,60,51,155
891,enim leo rhoncus,true,message,34,112,892
892,eget orci vehicula condimentum curabitur,true,message,68,667,178
893,amet sapien dignissim vestibulum vestibulum ante ipsum primis in,true,message,119,693,999
894,faucibus orci luctus et ultrices posuere cubilia curae nulla dapibus,true,message,87,201,844
895,faucibus orci luctus et ultrices posuere cubilia,false,message,182,911,158
896,vestibulum quam sapien varius ut,false,message,91,735,977
897,ligula in lacus curabitur at ipsum ac tellus,false,message,222,598,225
898,vestibulum quam sapien varius ut blandit non interdum,false,message,212,217,890
899,platea dictumst morbi vestibulum velit id pretium,false,message,245,333,911
900,eros elementum pellentesque quisque porta volutpat erat quisque,true,message,7,989,54
901,primis in faucibus orci luctus,false,message,79,4,776
902,vulputate vitae nisl aenean lectus,true,message,241,864,877
903,justo aliquam quis,false,message,63,900,832
904,vulputate justo in blandit ultrices,false,message,246,982,90
905,nisi volutpat eleifend donec ut dolor morbi,true,message,200,272,576
906,penatibus et magnis dis parturient,false,message,85,267,872
907,pede malesuada in imperdiet et commodo vulputate,false,message,159,567,882
908,et magnis dis parturient,true,message,1,482,167
909,luctus et ultrices posuere cubilia curae duis faucibus accumsan odio,true,message,8,256,58
910,est et tempus semper est quam pharetra,true,message,223,430,791
911,amet sem fusce,false,message,0,380,165
912,molestie sed justo pellentesque viverra pede ac diam cras,false,message,193,102,966
913,proin eu mi nulla ac enim in tempor,true,message,215,156,776
914,vestibulum sit amet cursus id turpis integer aliquet,false,message,207,182,624
915,aliquam erat volutpat in congue etiam justo,false,message,32,830,965
916,auctor gravida sem praesent id massa id nisl,true,message,175,711,887
917,nec dui luctus rutrum nulla,false,message,201,182,486
918,luctus et ultrices posuere,true,message,202,602,267
919,phasellus sit amet erat nulla tempus vivamus in felis,true,message,128,755,177
920,enim sit amet nunc viverra,true,message,113,795,695
921,blandit ultrices enim lorem ipsum dolor sit amet consectetuer adipiscing,false,message,195,70,882
922,ipsum ac tellus semper interdum mauris ullamcorper purus sit,true,message,43,590,134
923,erat curabitur gravida nisi at nibh in hac,true,message,234,237,459
924,congue vivamus metus arcu adipiscing molestie hendrerit at,true,message,182,530,795
925,odio elementum eu interdum eu tincidunt in leo maecenas pulvinar,false,message,221,759,944
926,congue vivamus metus arcu adipiscing molestie hendrerit,false,message,131,552,393
927,erat curabitur gravida nisi at nibh in hac,true,message,56,100,296
928,auctor gravida sem praesent id massa id,false,message,213,533,989
929,ligula in lacus curabitur at,true,message,3,213,303
930,faucibus orci luctus et ultrices posuere cubilia curae,true,message,39,599,348
931,lacus morbi quis tortor id,false,message,176,181,612
932,libero ut massa volutpat,false,message,65,535,224
933,bibendum felis sed interdum venenatis turpis enim,false,message,75,467,284
934,integer ac leo pellentesque ultrices,false,message,7,547,363
935,suspendisse potenti nullam porttitor lacus at turpis donec posuere,false,message,160,150,967
936,ac tellus semper interdum mauris ullamcorper,false,message,90,856,976
937,sollicitudin vitae consectetuer eget rutrum at,true,message,14,259,60
938,vestibulum sit amet,false,message,80,918,18
939,quam turpis adipiscing lorem vitae mattis nibh ligula nec sem,false,message,196,300,339
940,ultrices erat tortor,true,message,87,824,922
941,ut volutpat sapien arcu sed augue aliquam erat volutpat in,true,message,21,250,294
942,turpis nec euismod scelerisque quam turpis adipiscing,false,message,241,312,576
943,dictumst morbi vestibulum velit id pretium iaculis diam erat fermentum,true,message,59,886,818
944,egestas metus aenean fermentum donec ut mauris,true,message,232,158,791
945,lorem integer tincidunt ante vel ipsum praesent blandit lacinia,false,message,28,424,475
946,suscipit a feugiat et eros vestibulum ac est lacinia,false,message,67,927,763
947,nec nisi vulputate nonummy maecenas tincidunt lacus at,false,message,117,506,550
948,luctus et ultrices,true,message,117,527,487
949,pulvinar nulla pede ullamcorper augue a suscipit,true,message,179,59,374
950,ut massa volutpat,false,message,73,525,387
951,eu nibh quisque id justo sit amet sapien,false,message,63,158,648
952,nec euismod scelerisque quam turpis adipiscing lorem,false,message,111,450,842
953,natoque penatibus et magnis dis parturient,false,message,239,857,601
954,at ipsum ac tellus semper,true,message,117,473,690
955,scelerisque quam turpis adipiscing lorem vitae mattis,false,message,196,193,82
956,justo in blandit,false,message,65,409,778
957,faucibus orci luctus et ultrices posuere cubilia curae nulla,true,message,96,783,754
958,facilisi cras non velit nec nisi vulputate,true,message,61,607,891
959,pede morbi porttitor,false,message,223,972,228
960,iaculis justo in hac habitasse,true,message,210,882,609
961,amet consectetuer adipiscing elit proin risus praesent lectus vestibulum quam,true,message,20,389,21
962,est congue elementum in hac habitasse platea dictumst,true,message,85,667,354
963,habitasse platea dictumst aliquam augue quam sollicitudin vitae consectetuer eget,true,message,40,679,246
964,viverra dapibus nulla suscipit ligula in,true,message,137,151,140
965,odio justo sollicitudin ut suscipit a feugiat et eros,true,message,25,666,800
966,id nisl venenatis lacinia,false,message,204,366,730
967,elementum in hac habitasse platea dictumst,true,message,21,920,682
968,tempus sit amet sem fusce consequat,true,message,110,436,655
969,ac lobortis vel dapibus at diam nam,true,message,133,823,902
970,placerat praesent blandit nam nulla integer pede justo,false,message,210,918,170
971,rutrum ac lobortis,true,message,82,293,426
972,elementum in hac habitasse platea dictumst morbi vestibulum velit id,true,message,120,752,48
973,mauris sit amet eros suspendisse,true,message,77,164,765
974,ac enim in tempor turpis nec euismod scelerisque quam turpis,false,message,32,683,932
975,viverra dapibus nulla suscipit ligula in lacus curabitur,false,message,105,235,366
976,nunc vestibulum ante ipsum,false,message,99,497,549
977,imperdiet et commodo vulputate,false,message,231,439,294
978,vel pede morbi porttitor,false,message,245,687,797
979,adipiscing molestie hendrerit,false,message,68,460,625
980,vulputate luctus cum sociis natoque penatibus et magnis,false,message,119,738,213
981,lacinia erat vestibulum,false,message,56,612,700
982,enim in tempor turpis nec euismod scelerisque quam turpis adipiscing,true,message,190,805,290
983,condimentum curabitur in libero ut massa,false,message,248,208,260
984,mi integer ac neque duis bibendum morbi,false,message,211,284,461
985,orci luctus et ultrices posuere cubilia curae duis,true,message,0,338,97
986,potenti in eleifend quam a odio in,false,message,65,192,379
987,non mattis pulvinar nulla pede ullamcorper augue a,false,message,163,315,466
988,quam nec dui luctus rutrum,true,message,245,978,259
989,hendrerit at vulputate vitae nisl aenean lectus pellentesque eget nunc,true,message,151,127,992
990,sapien ut nunc vestibulum ante ipsum,false,message,52,630,278
991,faucibus cursus urna ut tellus nulla ut erat id mauris,false,message,232,930,937
992,et magnis dis parturient montes,true,message,76,72,851
993,sit amet erat nulla tempus vivamus in felis,true,message,153,75,329
994,mauris eget massa tempor convallis nulla neque libero convallis eget,true,message,128,992,933
995,amet lobortis sapien sapien non mi integer,false,message,197,973,523
996,justo nec condimentum neque sapien placerat ante nulla justo,true,message,240,445,997
997,integer aliquet massa id lobortis convallis tortor risus dapibus,false,message,95,191,446
998,sapien arcu sed augue aliquam erat volutpat in congue etiam,true,message,81,700,722
999,venenatis turpis enim blandit mi in porttitor pede justo eu,false,message,228,998,971
1000,nisl duis bibendum felis sed interdum venenatis turpis,false,message,4,470,827
