id,email,password,handle
1,vphilot0@sphinn.com,YWfNhOR7Ru,sohms0
2,srummings1@sciencedirect.com,VxOcFyS,fmatthesius1
3,nmitchinson2@google.de,dlstqKZu2naR,gcisneros2
4,ehubbocks3@walmart.com,CSGwSWLKt4,msparey3
5,mtrayes4@ehow.com,94wVJyQ,dbourdel4
6,epresswell5@cyberchimps.com,2Nu0YDu44E5W,evel5
7,ndecoursey6@si.edu,dUI8OFNe5,srope6
8,kprint7@telegraph.co.uk,xVVpyEAklb1m,jjudd7
9,ndearden8@nbcnews.com,jiRtbKSx,byellop8
10,rruoss9@tripadvisor.com,hsXPTYKFKD,cselcraig9
11,athrashera@vk.com,pyYEaTzsJ5,tormeroda
12,ndoudb@nyu.edu,qwvTOr,nbaseleyb
13,dhuddc@homestead.com,AdMxGq6Eti,dsoanesc
14,apippingd@biglobe.ne.jp,0exzxv2S,ebithanyd
15,gmcduffye@fema.gov,foE1OU,pkerridgee
16,hhallickf@scribd.com,ejh8QHli09PL,wmcmonniesf
17,jshilstoneg@pbs.org,paiheDQCb,jalesg
18,kyurygynh@dell.com,7CbCjTNU,gdorranh
19,ddorricotti@fda.gov,QF1TyG95KRZ,yspilsteadi
20,tdudinj@unesco.org,d7py0z7g3eV,hdelleschij
21,sbrasenerk@admin.ch,Zu7TmEAa1LHW,tportwaink
22,cdempsterl@weibo.com,MIk9ZA8a0sq,dcantual
23,npaternom@blogtalkradio.com,OXkLx0qO8,apriestmanm
24,cpattesalln@forbes.com,b8MHO8pDh,ascorthornen
25,wleebetero@ycombinator.com,ckejBfZD0,tneatho
26,hjoskowitzp@adobe.com,y7T8OV,adowdlep
27,kmcphaterq@hexun.com,GH8TsCKHtI,fwhearq
28,dmathiotr@merriam-webster.com,mds462g,aloomisr
29,baizkovitchs@lycos.com,BYxEE1,ayakovichs
30,bhambrookt@liveinternet.ru,vSOiPF,kmussont
31,tcrosfeldu@netvibes.com,gwKchp,bhearsonu
32,dtodariv@amazon.co.uk,9WRrVl,wcureev
33,tmackennyw@privacy.gov.au,VAQRNyg9b8F7,cobertw
34,ggladdorx@shop-pro.jp,L3D7ztc,aimpeyx
35,mgillisey@prweb.com,FqlJhR,pnairny
36,cweaversz@parallels.com,PoHloYUU,yearsmanz
37,rklinck10@amazon.co.uk,U4sh6TNQ6l,lbeatens10
38,clynam11@reverbnation.com,reWrQS147Bc,esprasen11
39,alavall12@indiatimes.com,atyubX,ngoodram12
40,bparish13@intel.com,YPpw6F,aroskell13
41,aenric14@si.edu,FcRIMPcLbTr,jgeale14
42,dmoryson15@vimeo.com,00aDxct,rblondel15
43,darch16@ebay.co.uk,QUP7YYK4iWA,smattingly16
44,mgerg17@t-online.de,Y0YnCnR,cproudman17
45,litzig18@pcworld.com,WoRsq0ra0,pmcpeeters18
46,selham19@springer.com,BvViH5myM,amolineux19
47,bgollard1a@pinterest.com,AtUNF1K8pmU,aredmond1a
48,wtrinder1b@bandcamp.com,vbyKEhm,bsonner1b
49,ldelhanty1c@1und1.de,zYLyahu1yU9H,esurgey1c
50,csturgess1d@wiley.com,1Ki5Lra,godogherty1d
51,gswalough1e@sciencedirect.com,yswSLGv,knorthidge1e
52,tgoodayle1f@creativecommons.org,hjlInZRcF,jcliburn1f
53,tollier1g@hubpages.com,DosFDG7aPOY,dgreenhowe1g
54,npfaff1h@alibaba.com,rBsgTo,blongthorne1h
55,mmacpeice1i@arstechnica.com,RyhYkbQxeXXl,wwisbey1i
56,lczyz1j@wunderground.com,e7D3Pg,jaykroyd1j
57,ejosefs1k@mysql.com,EaXAjHsSGGa,lupwood1k
58,jmylchreest1l@pinterest.com,Y9DjJRh,cfonte1l
59,osollis1m@amazon.de,j80AHmT,csalery1m
60,sescoffrey1n@netscape.com,Qp7ZXf,kjeffray1n
61,lconechie1o@fastcompany.com,049TKqumms,svineall1o
62,acotty1p@1und1.de,wJqBfraFfk,treadman1p
63,asamter1q@archive.org,bfP1Q0s9,cwhitehurst1q
64,klippiett1r@odnoklassniki.ru,4ST5flG0,hmichallat1r
65,evidineev1s@slideshare.net,PArAlTs2qM,apaulley1s
66,nwibrew1t@theglobeandmail.com,pXJufAcSz,gbroe1t
67,mwilsher1u@blogspot.com,OMwGKYt5hw,cbooy1u
68,grallinshaw1v@purevolume.com,MRBh4oo1CMW,ksommerlin1v
69,hcustard1w@msu.edu,MVKocL,ntwaits1w
70,cdemanuele1x@weibo.com,49qmDKu,lfretwell1x
71,rstonner1y@amazon.co.jp,H0n77b,jspiers1y
72,eclaessens1z@accuweather.com,y5464DXjYZ,ftooher1z
73,tcapron20@icq.com,VcHyRvH,ptarte20
74,bbeves21@desdev.cn,NOhxkD,gennion21
75,jwannan22@vistaprint.com,kZdeEECs,laspin22
76,cwalley23@cyberchimps.com,3PgmpI7AA,bprovis23
77,clugden24@freewebs.com,yK0UY3IK,eminifie24
78,wfeatonby25@cmu.edu,OVai5Hn,jdequincey25
79,ejickles26@mlb.com,KCUnqY28,smacvanamy26
80,ibirchall27@cbsnews.com,p1a9O1va,apandya27
81,acowndley28@cnet.com,9LHcHN4,jgotecliffe28
82,cnockles29@microsoft.com,QkZReBn7SgX3,genterlein29
83,lklaves2a@sourceforge.net,Ya3a2kKqhux,bremon2a
84,sricci2b@pagesperso-orange.fr,yQLkp6sEuY0r,htoderbrugge2b
85,bblow2c@nps.gov,sfiNLvWD,ntankus2c
86,adanev2d@zimbio.com,AnSbYY5,dmazzia2d
87,jcolvin2e@ftc.gov,cqLFJtPciy,mschach2e
88,sneame2f@prlog.org,2lGheXkyi82k,agoolding2f
89,cofallone2g@quantcast.com,mREJSvSI3Nny,mterris2g
90,yderl2h@abc.net.au,C4JQ5n3R,goconnell2h
91,wfeehely2i@arizona.edu,d68qGHGwY,bjardin2i
92,jleitch2j@rambler.ru,9Ddo6KSs,cserris2j
93,prispin2k@rediff.com,rIdDcU,aigonet2k
94,mbardwall2l@businesswire.com,3DudfMXgX,hrodger2l
95,erizzi2m@blog.com,SX9mu64VwgTa,tkeir2m
96,kmirams2n@ehow.com,YLriDJhXHw1B,fpettyfer2n
97,eraithbie2o@microsoft.com,5pbgK4T2DhT,thamshaw2o
98,lwoolen2p@xing.com,vanbhR,sverzey2p
99,rbessom2q@army.mil,QIBKtszxfC,pdwire2q
100,dleverich2r@icq.com,DkI17qZc,ypople2r
101,daudibert2s@cdc.gov,p6FIR4CXELk,polagen2s
102,dadcocks2t@purevolume.com,X4P5zAchE,scaudle2t
103,averrico2u@nhs.uk,6H4xlsmc,tsher2u
104,ekinsella2v@instagram.com,O02M7r,eshapter2v
105,bstiggers2w@umich.edu,yimqbh8L6Q2,omearns2w
106,jholston2x@utexas.edu,cj49qqo,ikirsop2x
107,icasoni2y@blogtalkradio.com,f8q76g,cbreffit2y
108,edomican2z@facebook.com,0CV6AKteY,dtidridge2z
109,nlindemann30@uiuc.edu,Z0nL4Co,clampert30
110,kgoadbie31@seesaa.net,nMdBHHs,rlepere31
111,bsandeman32@ft.com,qapnRKZb,patherton32
112,abenedito33@about.me,mLuH9VV0n,bfowlston33
113,rarboine34@tiny.cc,Bfk0brRx,asantoro34
114,cpydcock35@unc.edu,MFDHURtS,mdemars35
115,grey36@arstechnica.com,cEVEQIEj58Fg,fdigman36
116,econniam37@sina.com.cn,C5Xp7lmwiR,nslite37
117,ttemplar38@lulu.com,tk2Hz8,efriman38
118,hhaimes39@arizona.edu,ODUW6TcaM,wghelardi39
119,slardeur3a@umn.edu,qccCdm,jboucher3a
120,kdurning3b@ucoz.ru,dm953M9Lkm,nmuspratt3b
121,wpakeman3c@lycos.com,CbGKlA,lduke3c
122,yrappport3d@tripadvisor.com,XoN9I7bn3z6,fmixture3d
123,bdonohue3e@studiopress.com,X4XjVH2Acl,lhelsdon3e
124,jgwyllt3f@xing.com,1fxqQsjpvi,fswithenby3f
125,ztuke3g@gov.uk,tJtxzT,aemanulsson3g
126,ksimenel3h@dot.gov,EwhAkKtIKO,dmochan3h
127,gcossins3i@salon.com,uR5kJmK,lbyrde3i
128,aelsmore3j@state.gov,9al7cT,ddodimead3j
129,lschoenrock3k@walmart.com,mLovx85gIjb,bchristauffour3k
130,xroffe3l@google.fr,WDCMSV,dblandamere3l
131,adameisele3m@ning.com,HLeelaj7svW,cleftridge3m
132,rburner3n@mozilla.org,EEjsSWc,lscroggs3n
133,wavrasin3o@homestead.com,Hs4o9aBRwKl,sportis3o
134,aruncie3p@abc.net.au,pWdRNj,gwoodyatt3p
135,helgood3q@nasa.gov,QExYgWUa8,kbarden3q
136,fcronk3r@ustream.tv,QFXY5taa4F,lburnhill3r
137,mdelafeld3s@elpais.com,ndXB9ZBUkznx,gfolger3s
138,srootes3t@miibeian.gov.cn,8Llni9NYtEB,aenden3t
139,dcornils3u@reuters.com,OGEYcD1fDgS,rcleatherow3u
140,dtoynbee3v@mapy.cz,y3OJj5s3g,ocrotty3v
141,ibrissard3w@example.com,4klMvCj,mgiannoni3w
142,bcatton3x@va.gov,i8Usodvg8,kleamon3x
143,neble3y@lulu.com,msTUWZ,cchapier3y
144,paronovitz3z@fc2.com,gqEfYpASFXc3,sbrideau3z
145,bducham40@canalblog.com,OhTPAI,fboxer40
146,rmccombe41@ocn.ne.jp,NM1MvZuNq5he,akoppe41
147,rsneath42@shinystat.com,3bzPXO,ecoombs42
148,bseydlitz43@tinypic.com,VbbiBQTo,lgrzegorzewicz43
149,hbarnham44@naver.com,nhzePo,rmillberg44
150,gbeentjes45@rakuten.co.jp,N5B7Zn0ivplQ,melintune45
151,amccarl46@technorati.com,G1FVxH3,asummerson46
152,mimlaw47@webeden.co.uk,9ZPMfijtQK,smethuen47
153,ralvis48@washington.edu,4SfFQkMpQhE,challgarth48
154,mdarington49@icq.com,LIWCIE9m,mmccarty49
155,bbissatt4a@dropbox.com,QHKjlF7,cmobberley4a
156,cgadie4b@ucla.edu,HmD7t5DmDumO,dellgood4b
157,alaverock4c@paypal.com,ZcXyqKL5Jiwo,jscotchmore4c
158,kduny4d@ow.ly,umAq0C,rfishbie4d
159,kcurd4e@comsenz.com,Yo6NBgi,mgriswaite4e
160,jlamden4f@constantcontact.com,4cQTgXPV5yRo,mbaigrie4f
161,mklainer4g@ft.com,PKVisAaM,nfirth4g
162,ehorrigan4h@prlog.org,ACaQhnv,emccuish4h
163,doddie4i@harvard.edu,oapGgR,cneilson4i
164,rspat4j@gravatar.com,B3nyEZu,lwintle4j
165,itregear4k@jugem.jp,CUoKX3,kcaseri4k
166,smcgettrick4l@wikispaces.com,OVU0EKmb0Y,kthraves4l
167,hpoznan4m@china.com.cn,3CRB2dv,aseifenmacher4m
168,mtong4n@marriott.com,HThzS7gg,scrosthwaite4n
169,jmagrane4o@psu.edu,m2lBpP,skrzysztofiak4o
170,hjorn4p@wisc.edu,yzNKZs4ExRjA,ldantesia4p
171,ggrouer4q@jalbum.net,688kotCczlQi,gmcgaugey4q
172,nantyshev4r@un.org,2WA6L6,mcronk4r
173,gsoeiro4s@theglobeandmail.com,5DciTpvxl,aschroder4s
174,mffrench4t@moonfruit.com,hZEQOvIWwf,awetter4t
175,ajeff4u@themeforest.net,gYJRNnQ8hOiA,jgownge4u
176,cwrigglesworth4v@ucoz.com,wKugrPsL0m,fbarlas4v
177,astrangman4w@dagondesign.com,35Au8aP,jfoxley4w
178,zmacaskill4x@nhs.uk,kYPSMr,wbrussels4x
179,tsprigings4y@nsw.gov.au,iUTUEucIm,bskiggs4y
180,tburt4z@dyndns.org,sobKl3,ggraybeal4z
181,amcclancy50@e-recht24.de,DDKO420ih,bhugenin50
182,tdelia51@theguardian.com,48VPAzHiO,pblakemore51
183,alaing52@nymag.com,7y0rljA9,aknifton52
184,mterzi53@cbslocal.com,RBjtdKC3,ctoope53
185,ejasiak54@cmu.edu,IZMxgY9QiqQ,wschops54
186,acicci55@devhub.com,IKxwq427IRO,whaddrell55
187,fflori56@dailymotion.com,0w0ENPqyhW8B,tberkelay56
188,kmonk57@creativecommons.org,Ej2wvNeschL,nseyfart57
189,lmckeggie58@reddit.com,P60KoVrUe,sdeery58
190,tspurdens59@uiuc.edu,k6iF7TyteDbA,bsharply59
191,lmaunsell5a@facebook.com,WuZwOV3wTX8,ehazeldene5a
192,osailor5b@cpanel.net,OEYf2n,sspellissy5b
193,phyman5c@imageshack.us,49Dbs8Rc,jkynforth5c
194,bblanchflower5d@kickstarter.com,Ymxw9R,aferries5d
195,rcroote5e@webnode.com,ES2ivNOL,akryska5e
196,cfont5f@facebook.com,A6DjtbhVAfQ,cmabbitt5f
197,kbonifazio5g@diigo.com,fW8jVrihZH,bcurwood5g
198,bbrideaux5h@independent.co.uk,KdlQ4POetU,belster5h
199,gleinweber5i@virginia.edu,YlcezmOPcmHz,aroughley5i
200,amillsom5j@ucoz.ru,FAVNsprEGK2,hmenelaws5j
201,mbrewins5k@nih.gov,UCoDWLY,nthelwll5k
202,leverton5l@mapy.cz,aEeKRM,tmahony5l
203,arain5m@msu.edu,povPMfh8RO,dhillhouse5m
204,acaroline5n@ucla.edu,Q4ZpVvj,seastby5n
205,xdunguy5o@macromedia.com,o0MFE2GtPHP3,cgatchell5o
206,mcudde5p@arizona.edu,PjardGN2,dlanchberry5p
207,scaesmans5q@nsw.gov.au,Ox2eYB31Sn6,dpyke5q
208,omckelvie5r@nyu.edu,LEvjd2,ellewelyn5r
209,fbothe5s@merriam-webster.com,V9TkLja,amcelane5s
210,mhakonsson5t@mashable.com,QvcCo2dCZk,wadnett5t
211,cfetterplace5u@live.com,tCDXGIzImjdq,kambage5u
212,gdidomenico5v@i2i.jp,oKq2rwJo,rcharley5v
213,jmalafe5w@wikispaces.com,QrRggU0UH,eculleford5w
214,lpellamont5x@gnu.org,iBW4XTO,wdobie5x
215,rpettit5y@miibeian.gov.cn,eAJukM60,bgavriel5y
216,gleehane5z@photobucket.com,LUb0ipV,rlangelay5z
217,jjenicek60@google.co.uk,1Vw3wJkytmF2,sgruczka60
218,gkeuntje61@mashable.com,33X1F2,rlooks61
219,dluttger62@nasa.gov,lDZpoi4EK,plandell62
220,mserridge63@topsy.com,XiE4wRs3,lcuddehy63
221,laspinal64@jalbum.net,qiog76,fscrange64
222,rmallows65@narod.ru,BwK39Q,pbard65
223,bilyinykh66@wsj.com,lf1vnN4kMb,llonghorn66
224,nleighfield67@google.pl,R9tJ8b,ddurdle67
225,ckirkbright68@nifty.com,77eqTDirYmJ7,abrightling68
226,rasif69@google.com,O36uzu80,hrucklesse69
227,wsibbs6a@ucsd.edu,WZ1H94M,jkalinowsky6a
228,elecordier6b@163.com,9MMTR9HQYc,aaird6b
229,fmacbeth6c@jalbum.net,8suYd5Uuka,coxbe6c
230,ccorkell6d@github.com,JqawOOV,droff6d
231,fglader6e@example.com,aEMJ8a7n7Bfk,lsanson6e
232,clillegard6f@jimdo.com,si5y9WDIAl,wclavering6f
233,dtrimmell6g@businessinsider.com,DAaNaUu82,kmilam6g
234,afrisdick6h@businessweek.com,NcNH2MP0g,bgarrick6h
235,vmccotter6i@economist.com,hpW2UV,nfosdike6i
236,jbisco6j@wiley.com,RpMgC6XM,dmadgwick6j
237,ralelsandrowicz6k@pcworld.com,7fXaKPpasJfV,opacheco6k
238,knisius6l@noaa.gov,f7Bhpd,tsizzey6l
239,esabbin6m@arstechnica.com,Y0Hphkh8LzfQ,nlemonby6m
240,afairleigh6n@ed.gov,ycvs6VQCoB,agrabeham6n
241,mambrosoni6o@disqus.com,hz8Mzzi,mpile6o
242,cfairman6p@google.com.hk,2F7qYKg,bgotcliff6p
243,gburrow6q@uiuc.edu,IfFHM1nCtIK,cblaes6q
244,lgheeraert6r@google.fr,mVKoTA,gdiclaudio6r
245,ddaymond6s@so-net.ne.jp,IqXoIJ,iormston6s
246,abernaldez6t@statcounter.com,a29ildFtWAM,afaircley6t
247,hcahill6u@typepad.com,W7DFvxn,chankey6u
248,bprandini6v@reddit.com,vveTqif,sstevani6v
249,djennrich6w@bandcamp.com,M8WHmF6wiy,mgasson6w
250,realden6x@abc.net.au,3ZGwKHI,trichardon6x
251,ccouvert6y@odnoklassniki.ru,gzh1wFYJv9,jkilbride6y
252,ggettens6z@usnews.com,2NrgEbtaz,hmckie6z
253,egowry70@ucla.edu,h0j4c9jBL3,mpymar70
254,vbouch71@github.com,8iKkWMNIlY,mcasson71
255,esnowding72@flickr.com,2kdvPhIP7GG,xaubert72
256,qhapps73@gravatar.com,5oF78WHV,skenwyn73
257,cgrimsell74@blogtalkradio.com,9QH7RN,lhughs74
258,wpiatto75@behance.net,AtdVzd,gditzel75
259,brope76@dmoz.org,xVQovuidnuL,ajarnell76
260,ahentzer77@fotki.com,Qlxox6wH,gjessope77
261,fborgnet78@163.com,ZhMNkQP,fcourt78
262,hdiperaus79@gizmodo.com,63gAVoW,ayashnov79
263,acicchetto7a@ask.com,IBuTvtAi,lwolland7a
264,geyden7b@yolasite.com,L9dTlej8lT,dstarkings7b
265,tshillum7c@cmu.edu,i75etx9,aleprovost7c
266,asilwood7d@cdc.gov,tKFKAUL84Fs1,sdealmeida7d
267,kgisbourn7e@t-online.de,imdOOkPLZ5h,mdevuyst7e
268,idonat7f@miibeian.gov.cn,8fXciLe37t2,qchess7f
269,tmotion7g@mtv.com,305xEGn8pc,cmichel7g
270,tlower7h@geocities.jp,2t9n2j,gaxcel7h
271,dfagence7i@cnet.com,MoRiC5rpCp,jcaselli7i
272,mgraveson7j@symantec.com,kghmw4TYLE,hsnedker7j
273,crockey7k@economist.com,ydNSJF4z,elente7k
274,edeverson7l@answers.com,5ARWkOMK6,fabarough7l
275,merley7m@tmall.com,tEUt1mvZc,chorsburgh7m
276,ctompkinson7n@woothemes.com,xBv85Tknp,stoomey7n
277,tjessopp7o@simplemachines.org,pe2VGyZJcPW,gwoollhead7o
278,wsicely7p@oaic.gov.au,Su5UF4l,cclelland7p
279,ttunnow7q@list-manage.com,GmxgRSNprMk,tsaunt7q
280,asegar7r@jimdo.com,weqJEs8BVX,ncarrodus7r
281,mreddy7s@hatena.ne.jp,8iAhLfr,nstrotone7s
282,hedgeworth7t@github.com,2Yr1TFOlG,koade7t
283,shandrok7u@dedecms.com,srVb3X,edarlaston7u
284,wwagnerin7v@wikipedia.org,qJDXTrqi5,wreddan7v
285,cloude7w@mapquest.com,ugOnLFOuSM,mkelwaybamber7w
286,ayarnley7x@nps.gov,cj3TDK,dkytter7x
287,mnichol7y@telegraph.co.uk,MyKocj,tgabotti7y
288,tthormwell7z@yellowpages.com,yKo4pyQpjrF,eokeenan7z
289,gmcenery80@go.com,LVbVVoGrDAq,plapree80
290,vbaythrop81@goo.ne.jp,oVDN2htT,mmccarty81
291,mcolbourn82@princeton.edu,Wxlyr2,egaber82
292,dtomovic83@nasa.gov,Jw4kzeXPRM,tcrain83
293,hrekes84@shop-pro.jp,rHVdhrwaCd,sskouling84
294,ahallad85@acquirethisname.com,8IFUliHy,twixey85
295,kgrayson86@nps.gov,JCbokEUg,bmccarrison86
296,eroles87@unblog.fr,xMxbmL,epassie87
297,dpennaman88@ebay.com,FF3Kyq6,tbickley88
298,cbrunsdon89@dailymotion.com,FD91TWQsPnji,slagen89
299,mskones8a@de.vu,ZgvC2w,jgraalman8a
300,cpeverell8b@myspace.com,yrtbu5flxq,wtomkinson8b
301,rterrey8c@psu.edu,R7n8g6aC,efreyne8c
302,coconnell8d@independent.co.uk,HEzzvWQB,cricciardo8d
303,hsnawden8e@deviantart.com,rcLTY0d0PyL,igheorghie8e
304,cgresley8f@behance.net,gmspmGX,hdunstone8f
305,klound8g@prlog.org,TToSogVad,uvittet8g
306,lmcelory8h@vinaora.com,FTotJ5P,hsimmonite8h
307,ekeenleyside8i@youtube.com,KR2HLcPUurln,lwettern8i
308,ethick8j@usatoday.com,IFBmAhNdjWf,csunter8j
309,hzuanelli8k@seattletimes.com,jj8DsA,keatock8k
310,bbakey8l@nih.gov,7UGZ3s8,lnutten8l
311,dsalamon8m@reddit.com,bO423d,vglison8m
312,amattusevich8n@topsy.com,hstaVjo,rtrustey8n
313,ctrythall8o@prnewswire.com,1cD83N,jvanoort8o
314,otrewhela8p@free.fr,2hf0mK0gV,nalman8p
315,sschwier8q@mapy.cz,ePAgFFrXD2g,sunderdown8q
316,cskillett8r@meetup.com,Sw1hz8P,vjames8r
317,bbellinger8s@microsoft.com,RU4NBF,morlton8s
318,pmcphelimy8t@sciencedirect.com,ZYcA5VLqms,fchadderton8t
319,dkopf8u@nhs.uk,I0AKogNE,slinebarger8u
320,ipiborn8v@sogou.com,YggqK4,bwilley8v
321,krings8w@ihg.com,MjTNXPwZirYI,bbrennen8w
322,cleisk8x@slate.com,oV0EmaFr,lgrist8x
323,ctowll8y@csmonitor.com,BHADwiE2Il,cgoldster8y
324,jbeneteau8z@mozilla.com,zQUWrVD,ykyrkeman8z
325,gdeveral90@alexa.com,ck03tl94Q,nbonhill90
326,lholsey91@cdbaby.com,jB8dlaJT,hbraiden91
327,ofiorentino92@home.pl,vVqULxf99Y,drosenfelt92
328,jfisby93@apple.com,igf7Y9Y,ppawlyn93
329,lsiggens94@ucoz.com,fqTASFMx7Fey,ijager94
330,gcisson95@prnewswire.com,ogcVa0epzt,gkennefick95
331,hhyndes96@yolasite.com,ma3y9SWy73M,apincked96
332,sdaintry97@wisc.edu,dRfc79R,jerratt97
333,cwiersma98@webs.com,tGcbNawFmpVx,apynn98
334,ldunsford99@auda.org.au,kCjlsl2YytI,eorgel99
335,khinstridge9a@paypal.com,zwI5AJ,kschindler9a
336,bsmylie9b@tuttocitta.it,Yo5jhI2qXQaK,phellens9b
337,tovell9c@ehow.com,tM4KRA,pmoppett9c
338,mcorradetti9d@dot.gov,ghCPx5bzy2,cepsly9d
339,hkesterton9e@bbc.co.uk,Tdr8jI8sc,kgotliffe9e
340,dkynnd9f@abc.net.au,cF5Deuk,omcilherran9f
341,acharters9g@ihg.com,RlBks2b,lchotty9g
342,ecretney9h@cbsnews.com,8kt6uCPC,rferreo9h
343,rrymer9i@patch.com,4Qz4TGeYjWM2,bhearty9i
344,gkirton9j@opensource.org,qlObHKS,cbruckenthal9j
345,gcowdrey9k@ihg.com,rp8vord,sduxbarry9k
346,jhuntall9l@nba.com,aYv6Lj,hwillimot9l
347,mbartocci9m@google.co.jp,SXEJNmms,nanthoney9m
348,dgoldman9n@free.fr,dg76CA1GOXA,afolling9n
349,kchatters9o@fema.gov,Rnx1yQc,ebertram9o
350,svick9p@dropbox.com,IOBUwBIqjZn,lkleis9p
351,gfriese9q@freewebs.com,KDXgIV,ftender9q
352,smctrusty9r@ibm.com,myop4O,mabels9r
353,drobertshaw9s@mapy.cz,JU4MnUIyur,jbodicum9s
354,eweaben9t@state.tx.us,ZIPKoHd,lschottli9t
355,fcuniffe9u@dailymail.co.uk,djjaDm,tvokes9u
356,lvandermark9v@biblegateway.com,PIblN4WWW,dsaddler9v
357,lparren9w@hugedomains.com,6Q2utJ,dhumphrys9w
358,pbutcher9x@state.tx.us,5mnOuUO4uOy,kvaughn9x
359,elightwing9y@usnews.com,NqGkcoXJP5gM,bthorouggood9y
360,lackland9z@whitehouse.gov,JtOssF,jmcgavigan9z
361,tayrisa0@about.me,085pPqanzuko,swollarda0
362,kgluyusa1@spotify.com,INC8yfYT,fhinchona1
363,rmanniea2@mapy.cz,wo5x0jjxV4Mv,omcquillena2
364,kcraggsa3@prlog.org,9xhQKGP,sdanilenkoa3
365,mrunnetta4@washington.edu,mLneF4LBRObj,osilwooda4
366,garnella5@bbb.org,ty8Uopmxj,sbusbya5
367,dblakera6@goo.ne.jp,5BFTX1qR,hcardinga6
368,alewndena7@comsenz.com,tCkgOtGs4A,amaccolea7
369,lgummerya8@msu.edu,Vj4o21F0rX4,bfratczaka8
370,hamnera9@hp.com,UUjQmG,lmarnanea9
371,phartleyaa@meetup.com,YwRHnd,jtrowsdaleaa
372,jespinoab@skyrock.com,qpnTQgI,vperkisab
373,ztrimnellac@networkadvertising.org,ySriNT40G,baclandac
374,tabbsad@histats.com,iqhWzF9h,mdeverad
375,ggrafhamae@twitter.com,GFSf9aw,pmussardae
376,camoraf@youtube.com,wJKQSD8Ivg,rberrieaf
377,cheinkeag@businesswire.com,NlvMI0Ks,tduinkerkag
378,blistonah@surveymonkey.com,vB8qBaAecf,dlonginaah
379,geverardai@tamu.edu,JhVONzPZ,rlapidusai
380,cdeeneyaj@skyrock.com,8MHpjs,fbortolaj
381,ttelezhkinak@nasa.gov,d9xXCCdLsBJ,btzukerak
382,rthistletonal@cmu.edu,Fbt2HwB,awestbrookal
383,cmccrannam@cbslocal.com,3mzPrAvr8yd,kleballam
384,aeldrittan@livejournal.com,thzeiQKEt1,fzylbermannan
385,sbrooksonao@unesco.org,o5UzA2jlY,iliddyardao
386,gchampneysap@bloglovin.com,O0KeAN,ntrautap
387,bbiddleaq@icio.us,PU1LJm,lwarinaq
388,ddavidescuar@sun.com,cyJ1yKIS5Y,dstraffordar
389,gmacvanamyas@joomla.org,KPMSzx18IV04,cbrawsonas
390,ndoolyat@biblegateway.com,PmSwZ6U,ddawleyat
391,gbegginiau@cisco.com,HNLhFKuy,dmargrieau
392,hdillonav@arstechnica.com,r8TnmHDP,jguillermanav
393,hternaultaw@sohu.com,QbiQhpJwXQA,mligertonaw
394,hellsburyax@simplemachines.org,Pnn97cYU,zsemorax
395,bbankeay@pen.io,rDMasChIeo7,kgiovannoniay
396,abenedettiaz@biblegateway.com,7rmJQ5vqVJ,wharteleyaz
397,hbailesb0@ibm.com,EDj5VaEI9h,pdeshortsb0
398,lsweatlandb1@ning.com,e39NoCvVtZxI,aonthankb1
399,nthompsonb2@rambler.ru,9hcuItONxvIv,vduckhamb2
400,cdemetrb3@rambler.ru,brFHmCGr3LtK,mmushaweb3
401,jdoucetteb4@loc.gov,OZeQpyn5zHpU,elosebyb4
402,hgoucherb5@exblog.jp,pZ4s260,gtolomellib5
403,kbrinkleyb6@typepad.com,c2M3Hyeh3,cliberob6
404,jpasqueb7@icio.us,S8MwaIJ,lsaffrinb7
405,cyegorovninb8@washington.edu,fgnys5,clongmaidb8
406,lsuddabyb9@irs.gov,hfHLGQJRe5iq,emapamb9
407,talldayba@constantcontact.com,nrvhGsi,ktinnerba
408,tcornelisbb@linkedin.com,GfzgGOcu5,mdallanderbb
409,klouisbc@prweb.com,MvKBiWMj,erenshawbc
410,rjonesbd@fastcompany.com,ZjfNSpoq,tmerrganbd
411,bpenvardenbe@discuz.net,PeXag5br,fpaudinbe
412,kslattenbf@cbslocal.com,MYAOrXwPg,fbaumanbf
413,dhalheadbg@kickstarter.com,5Ly7qZMLuF,fsimoneschibg
414,gshafierbh@nyu.edu,ToAVOSg,amcdonaldbh
415,esollowaybi@symantec.com,Fsx7vPCm,mbarronbi
416,mgabrielibj@cbslocal.com,nQpKC2XP8,colliverbj
417,rdaughtonbk@people.com.cn,Qcr0MeXNZW,ncristolbk
418,gsheivelsbl@addtoany.com,DQd31p,reiversbl
419,hbuesnelbm@google.co.uk,ig2D6E,cdivisekbm
420,npakesbn@springer.com,VOzekB5haC0,rmatuskabn
421,wandreassenbo@reference.com,buYl1BYSbn,pmurgatroydbo
422,amcgawbp@wiley.com,e0egTE,rleschellebp
423,alamminbq@wordpress.org,2lruQ3LJRf4,kpichebq
424,tdruettbr@narod.ru,NMrFmZ,nvieyrabr
425,wcattermullbs@addthis.com,wj63VLl3t5hd,ldunnanbs
426,treisenbergbt@cbsnews.com,PdRAAF,cscolebt
427,arousellbu@admin.ch,QLr7wwc5cJ,agreenebu
428,nbenedictbv@gov.uk,a8Qs38,lyuryaevbv
429,pledrambw@moonfruit.com,nJXQ9a4,sbansalbw
430,jprenticebx@phpbb.com,Op4wADNsZjkD,bdwinebx
431,mforgieby@dot.gov,3ciEAdg,sallwardby
432,cblasiakbz@google.de,ZfAthhW9yh,dpostlesbz
433,jdellitc0@nymag.com,CmCgqhowtN,bskynnerc0
434,ddoerrlingc1@hhs.gov,nGzAQQ,lcornbellc1
435,grumbelowc2@sphinn.com,Cqn1gp1Q3s,lbowlandc2
436,hserjeantsonc3@reddit.com,7PUzrfnN,jdainc3
437,hlarosec4@xing.com,eGgxMWx,tgauvinc4
438,jherionc5@smugmug.com,0gcJgg,mberensc5
439,nmoorcroftc6@topsy.com,wW52uH,lskarinc6
440,sgreenfieldc7@xing.com,5bxZRxx,vmussaredc7
441,dchristmasc8@4shared.com,Y2Cp3Rj,mkilsbyc8
442,kwharramc9@omniture.com,ofpHKy2f6V,ndonic9
443,csatcherca@tinypic.com,PJNfLsCdd,ajeensca
444,tassoncb@constantcontact.com,cnRDOTRbK,fbilbeecb
445,jgrimstoncc@vk.com,xMj4lJ3yH,iplaitcc
446,aantrimcd@redcross.org,DhaUw1hP9cL,klazarecd
447,kmcclenaghance@java.com,DrUFKL1,jbernardce
448,rpickercf@prweb.com,sdoYKHptB8F9,tsalmonscf
449,nreapecg@wsj.com,SWaEAHlK2x,taleevycg
450,dfilipowiczch@squarespace.com,71ygwB,aclawsleych
451,acusackci@deliciousdays.com,3WbhZCxOO,rhuguevilleci
452,llynaghcj@sbwire.com,wMgiQXw,sdaincj
453,fphliponck@hatena.ne.jp,N1J9rjVGYpHR,vwitheringtonck
454,mtodcl@chicagotribune.com,KJuLnXv,vjerdoncl
455,tcatercm@google.nl,HZBtwnOG,ksondoncm
456,cinettcn@state.gov,T1q3xY,ltwelftreecn
457,dwalworcheco@edublogs.org,2LTRl0,gshatfordco
458,fwellscp@mediafire.com,hp0JQEcFhYY,dreeveleycp
459,kmartencq@tmall.com,dFBYHt,wrenshellcq
460,rrandalstoncr@examiner.com,ycbS4suLJyr8,diskovcr
461,iguideracs@ibm.com,64K0hAv,msummersbycs
462,fnabarroct@imgur.com,VN4mipGf,ehumpatchct
463,zpoulsomcu@washingtonpost.com,AtwtKjzXne,tbeekmancu
464,tbloodcv@zdnet.com,0FxcfXEnspZ,smactrustiecv
465,boattescw@goo.ne.jp,fmPawDrfpGFj,hparffreycw
466,idaneletcx@unc.edu,u3vdN720I98R,mdukescx
467,estanggjertsency@upenn.edu,pm2k9o1RVPSS,uflemingcy
468,rfakescz@opensource.org,E2HEudPY,srentoulcz
469,lgilyottd0@prnewswire.com,zHuyEd,gorrisd0
470,pboutsd1@blinklist.com,XxzCPmol6O,dconkied1
471,jdackombed2@google.cn,ncKLAZdneo,cpavlovd2
472,kjudend3@liveinternet.ru,j9F5J1XtlyyD,msurgeond3
473,sfugered4@alexa.com,KKk1mFNKl,bcardenasd4
474,aglaved5@abc.net.au,Kb2jwPy,mdreyed5
475,dguinnd6@cpanel.net,Y280kbat20,afolkesd6
476,igirond7@ft.com,kwsEJA,ajodlowskid7
477,melbourned8@pcworld.com,ZXsD6dG9UcF,mblampyd8
478,wtashd9@amazon.de,dp1EcbBEZB3,bpleasanced9
479,kbloomda@cisco.com,BoxzmDfl9,lgoudgeda
480,ltomblesondb@si.edu,Oy6rF0Rf,acarmontdb
481,dkiezlerdc@home.pl,56dIfcO,gemanuelidc
482,snurnydd@sciencedaily.com,DSqH6KN7DWP,abrandrethdd
483,ngowlandde@theatlantic.com,TtSfZ0IelP,athunnercliffede
484,flaurencotdf@cbsnews.com,qk1T0sbJT,bpassodf
485,kiannellidg@wikispaces.com,xbaJzgqJdI,anorthdg
486,sferraidh@rambler.ru,2ffGX7N5,cmckibbindh
487,rgasquoinedi@multiply.com,euzbZi57,tbydi
488,mheasleydj@reuters.com,uQAsfsIAkNMq,pselburndj
489,tjolldk@sun.com,TT9kRD,hboageydk
490,lgodthaabdl@xinhuanet.com,jEn1G504w,fjacobssendl
491,anapolitanodm@discovery.com,wSO11E,mdeathedm
492,llambournedn@soundcloud.com,64lmL3t,leasmandn
493,zhidderleydo@infoseek.co.jp,4BSjZMsw,edewettdo
494,miacovinodp@51.la,VSkQp06,whantondp
495,ngowingdq@furl.net,QnquDEM1,adouglassdq
496,aconforddr@t-online.de,e8Wkv9W5lEih,ldoubledaydr
497,hbusainds@prlog.org,ypo2dRXw5TB,amcgregords
498,btompkinsondt@apple.com,sSBZBBuJ,mnoirdt
499,tantoinetdu@statcounter.com,7myFs9S,cfairniedu
500,nbamblettdv@mlb.com,SJdONhEQGPXk,sthoresbiedv
501,gparadisdw@hubpages.com,NBlRdDP,aduckersdw
502,fkleingrubdx@sciencedirect.com,CuLKmpf,klebberndx
503,dembletondy@163.com,joMrSMj9ZPE,oculwendy
504,tdriscolldz@europa.eu,69q4o8h58,agrzelakdz
505,ralekseeve0@taobao.com,uwdoj0,jdykase0
506,cswitlande1@i2i.jp,uZdGsMC8cTB,hpabele1
507,ddomenichellie2@msn.com,stPaZiIHiYoG,rdonette2
508,eosorioe3@over-blog.com,A6A0sA,jkeymee3
509,melingtone4@mit.edu,1guyBRjKzhFd,bgaltonee4
510,rswafforde5@thetimes.co.uk,OYj0ZT,veilhermanne5
511,tmurfine6@tumblr.com,KRgTKA1v,aiddendene6
512,gskulee7@chicagotribune.com,XhXxkwLv,wvorleye7
513,dcosgravee8@ebay.com,1HdLZ6B,csimonaitise8
514,showelse9@w3.org,AUa6XP3FI,mbreitlere9
515,mantonucciea@mlb.com,RP39EKZwaXQ,obourthouloumeea
516,hwilneeb@admin.ch,vdICt3u,akilkennyeb
517,mpirouetec@state.gov,Y6CJ4Pfkx,wladbrookeec
518,cpetrased@abc.net.au,c502vfi,fdaftered
519,cmasserelee@about.me,nM3EnEvz,santoniottiiee
520,olorenzoef@cargocollective.com,TMgoQq,bbamellef
521,lthoroldeg@ed.gov,CJv1iFcvxzO,cpothburyeg
522,vpywelleh@smh.com.au,okBrtYfwxaa,ahudsoneh
523,cbeavisei@parallels.com,LGl6U8q6a,kteasei
524,ggladdingej@php.net,VCyoJ1S,dtrundellej
525,twheowallek@google.it,wlsM7I9,hmassimiek
526,toillerel@imdb.com,CWMWbyLCV8g,lhalstonel
527,vskelbeckem@nps.gov,5MP1FSvpX,khankinsem
528,sodoneganen@diigo.com,LYmrmA,kbuxcyen
529,pnormanteo@twitpic.com,c3vYKa0BStU,rbarnetteo
530,fsponep@arstechnica.com,xT4aMtT5XQPr,kimlinep
531,gwilkieeq@hatena.ne.jp,ylrZZcdHcE,rmcleisheq
532,cmarzelloer@yandex.ru,VMNMkrhkdhWw,bgamlyner
533,lcoggelles@nyu.edu,mFf06fB,aglazyeres
534,jletteresseet@cnn.com,jJfuGI0omi7,ktregentet
535,gelmseu@irs.gov,j0RxNm5O,haustinseu
536,aofferev@ovh.net,9lk6p1nAz,nduchartev
537,tbonannoew@prnewswire.com,CzGD1l4YJ,rmageeew
538,ifoundex@zimbio.com,XJCJmOo,jmoxtedex
539,jdobbingsey@bigcartel.com,THARbyCb,aswetmaney
540,lmatasez@github.io,lpxQ96F,dnairyez
541,marmfieldf0@dot.gov,uPB1kvrIUzOf,saldwickf0
542,ascamerdinef1@youtu.be,Ywuso4qOkaO,maltoftsf1
543,ppallef2@ustream.tv,wE0Y5rAp,rtoulsonf2
544,rleethemf3@quantcast.com,D0ng4fx,gklimontovichf3
545,ttremaylef4@java.com,AcxtSv,cwissbeyf4
546,mgodierf5@epa.gov,lt6B0Z0cJ,sbarreauf5
547,aambrogellif6@wired.com,wm4TL2kzIT4,eiddonsf6
548,bdunguyf7@europa.eu,HgJ8IBrGVG,lzolinif7
549,kschaferf8@wisc.edu,3SckHJuD,dbowdlerf8
550,hpoppingf9@statcounter.com,4OiOFwsn2,gdeveyf9
551,smahaddyfa@usgs.gov,Wysmoqto8,kleonidafa
552,vrumblefb@4shared.com,rYaGnABnxs,frodrigofb
553,stoobyfc@angelfire.com,9ul0dkxKq,bsamesfc
554,ephilipetfd@cyberchimps.com,DkpfFyaHLtG1,fvanleijsfd
555,lsynnottfe@va.gov,7mYwxuZ2w,jsunterfe
556,cluggff@instagram.com,PX93wgT8,astoffersenff
557,bhanningfg@tinypic.com,94YOGHHYvgu,spinxtonfg
558,cbalcombefh@51.la,uckWIzYMPE9,sfedoronkofh
559,imcentagartfi@un.org,itAbKiAVq0,cbeinckenfi
560,cmacclayfj@reuters.com,1LefvIs,gricardfj
561,zcrickmerfk@mtv.com,8vkEf5,njoselsonfk
562,lzinckefl@hostgator.com,qmCafIP,aklinckfl
563,bstonelakefm@sbwire.com,9yoUImS,stildesleyfm
564,bbrisefn@indiatimes.com,6GDfqWQYQ5cl,cbirtleyfn
565,apringerfo@xinhuanet.com,nx4rKT8rggrl,gbiesterfeldfo
566,flaperefp@etsy.com,pwW9oDGyP,rzaplefp
567,lelsefq@tiny.cc,fxDAYIINSZx,wabbesfq
568,jbeatenfr@springer.com,nYCfqSJVOI3,ysalvidgefr
569,nkubufs@wikispaces.com,Hnz0TIxKPjz2,schiccofs
570,kshannonft@shinystat.com,H1Z27F7hafx,dmillardft
571,cmulliganfu@time.com,XEKGYGATy,ccawthornefu
572,lmittenfv@wikispaces.com,Zr5uRX,lsauvenfv
573,mdeplacidofw@opensource.org,xXGslwb4vbLZ,gmckernanfw
574,bbrickstockfx@google.it,qqEA9LpBMw,celdredfx
575,daldcornefy@nifty.com,UWNGUP,reschalettefy
576,ckimbroughfz@bloglines.com,A06kz04zu6,rdrewfz
577,lmarplesg0@sitemeter.com,zPyGwY,shanmoreg0
578,vrunnettg1@blogger.com,jdY487nLvM,vgrimditchg1
579,mousleyg2@fema.gov,MB6tHQnaH,rgaleg2
580,hgeraudelg3@dropbox.com,qmhEeBLeexmW,hkytterg3
581,mwatmoreg4@hexun.com,cL8U13A,nbottinellig4
582,gedowesg5@nifty.com,RPRArs953wr,lsimnerg5
583,tingledewg6@theatlantic.com,rTTapz,erutherfordg6
584,kofihillieg7@sina.com.cn,5jGpgm,crishmang7
585,cmacredmondg8@ox.ac.uk,gQTab2,bborrowg8
586,skeppieg9@ning.com,1OQtm1b,eleithgoeg9
587,tnultyga@youtube.com,T77eCx3EYa,bsiddenga
588,jbeernaertgb@fastcompany.com,YVu1zE,egirardetgb
589,twinhamgc@kickstarter.com,k1J3Te6Cmtnp,mmeldrumgc
590,tandrusyakgd@aboutads.info,ARo89Ni,wmcmilliangd
591,lhefnerge@icio.us,PP9zpMce,bmckerange
592,hmckearnengf@auda.org.au,tDTEPAZOrhlk,fsymonsgf
593,ghouldengg@icio.us,NkSwxYsS,cliffegg
594,bfulfordgh@reverbnation.com,rP3UpsDy,cfinlaysongh
595,lvatchergi@nymag.com,bgBlya9K,sadessgi
596,mbamlettgj@narod.ru,gObReVfPvc,mebbittgj
597,jmayersgk@tmall.com,a1VvycYl412d,unormangk
598,gsiebgl@themeforest.net,9bdQvnXzz,vitzaksongl
599,lbiglygm@senate.gov,xLwdVTyv,lphalipgm
600,pdennerlygn@shareasale.com,iyH3F3aXI135,jkipplinggn
601,fuglowgo@ucoz.com,bGsUqF,mkeijsergo
602,malpinegp@ibm.com,PttJrtT,chawksleygp
603,gpoulsomgq@marketwatch.com,ih6wW75,ewoodsgq
604,rbazyletsgr@washington.edu,CWfYHNaN8v5R,drizzellogr
605,jmcbeathgs@unblog.fr,mC43gEBa,lbabegs
606,bgorlergt@odnoklassniki.ru,CnZbkbypAGpO,mspeedingt
607,fcorsongu@xrea.com,WgYkDWzw,rsigfridgu
608,tattrillgv@hao123.com,hrwk4X9B,cmccomiskeygv
609,smacdearmaidgw@bloomberg.com,4VOnJW9Fp,owadgegw
610,obollisgx@infoseek.co.jp,CkoqTFt,gwalthogx
611,lchilcottegy@ning.com,kTtUtOTsuQl,ajochengy
612,llindeboomgz@hexun.com,wY5fNH,bharnettgz
613,dsawleyh0@prlog.org,LRjQS7mRcI,jpawleyh0
614,nlancetterh1@geocities.jp,MvIiJ2L79,pdarrowh1
615,goldnallh2@wordpress.com,Cia6sgsmp,ppirellih2
616,ngreswellh3@youku.com,h78PC7,ddadamoh3
617,osilverstonh4@disqus.com,zHhSTk88G8UT,fwaelandh4
618,sfieldgateh5@washingtonpost.com,oc5fea6RI9,ttanguyh5
619,cwinspearh6@virginia.edu,EQnXqKJ,cmandryh6
620,rratieh7@yellowpages.com,S07bHE,cbackmanh7
621,vrodrigh8@theatlantic.com,QUNc9R,vbyronh8
622,dferruzzih9@ox.ac.uk,JvMre2l,tgoodbarneh9
623,wsherrottha@yellowpages.com,GBVLa3P,kpetticanha
624,sabrahamssonhb@drupal.org,4dK1eG5S4,gspatarihb
625,mshelmerdinehc@tumblr.com,3qKU2ZCS4,kwardalehc
626,bcaigerhd@diigo.com,OMryY5OE,pstilwellhd
627,nannettshe@live.com,iZyMvIuspAo,yschooleyhe
628,kdourinhf@issuu.com,FOp2Pq2,btearneyhf
629,dburehillhg@state.gov,fI01GZv,bandrusovhg
630,aculverhousehh@paginegialle.it,qiDXKDnw6,ehebbshh
631,jcowphi@printfriendly.com,9L4YhV4jnGY,mwalklinghi
632,koakehj@bandcamp.com,nJqVLVfOUGqh,cwattinhamhj
633,lglassmanhk@opensource.org,cjIjjS,ckildalehk
634,sekehl@yale.edu,gYmDtf,hmanktelowhl
635,ocaldairouhm@ezinearticles.com,g3IEmWf,ggoulbornehm
636,rkopeckahn@blog.com,obR0Ezoo8,efeyerhn
637,gstrowlgerho@gravatar.com,YjnTWnflfJue,fscaysbrookho
638,zbellehp@accuweather.com,RTV3N4Bt,mitzhayekhp
639,mgeogheganhq@elegantthemes.com,0Ym2UW6p7G,ggallahuehq
640,nbergenhr@hp.com,MaeCv9dv,cpitneyhr
641,sderrickhs@instagram.com,f6pm4w,sshaperohs
642,rsweynsonht@ed.gov,f7qXw3,kalsopht
643,bbonyhu@eventbrite.com,QL0e4iaaX5k,icavanaughhu
644,agammackhv@msu.edu,yyKHT0D6l,vtappinghv
645,wissakovhw@umn.edu,K8TrwfqwJ,tclardgehw
646,jsigwardhx@reference.com,qiL2MldC,cgreethamhx
647,mkittmanhy@theatlantic.com,eMhn5D6a,npordallhy
648,odaycehz@prweb.com,o1pbMUiILq,jmariettehz
649,pwayleni0@bloglines.com,ohRf5NzdL,gapplewhaitei0
650,dnarriei1@hibu.com,JpZIJ3,melandi1
651,ryakobowitzi2@nhs.uk,oyHVVXZa7,apeakeri2
652,mfaringtoni3@geocities.jp,ZOQh6uHxK,czumfeldei3
653,fredselli4@google.com.au,pbMNGjnE,bsuttilli4
654,mritmeieri5@acquirethisname.com,uNE3puoxQA,qjolyi5
655,rzellicki6@stumbleupon.com,YneX3F3LI,mgorckei6
656,eterni7@salon.com,mr8Ad8T,ssimaki7
657,lcurrieri8@cloudflare.com,TjFJwkt,jhiziri8
658,cdrisselli9@surveymonkey.com,DC50XnO,hridgwelli9
659,xmissendenia@yahoo.com,xpKkJZV,cbeningfieldia
660,fgeorgotib@ftc.gov,Ksn2Tnia8P3,tvallerineib
661,dlaffordic@washington.edu,9vyz7abll6kS,mbroadbridgeic
662,fsamweyesid@imageshack.us,YhkCCrePJar,dhekid
663,byeldhamie@nyu.edu,C8QWB4Z2YEJ,jdrinnanie
664,dcoxenif@sina.com.cn,wt6aeapp3M2,bfaucherandif
665,jcarpeig@etsy.com,xFQ7Lca6n,nboatwrightig
666,ghewellih@jugem.jp,FsHpwuEfW,fyurchenkoih
667,agheeorghieii@slideshare.net,dXLcLf28wc,msorrieii
668,ahuleattij@gravatar.com,3pE0tehrX,mtorbetij
669,fbengtsonik@disqus.com,SJVfJp8bDD,tkitcattik
670,chodgonil@booking.com,P00JcQz,sspeaksil
671,dmarieim@vkontakte.ru,IvkaOxDCOZTu,lpasmoreim
672,mcleworthin@themeforest.net,rKrFRgLT7,kpalmerin
673,owestnedgeio@mayoclinic.com,IiMBGT4N,mvannucciio
674,dgrellierip@networksolutions.com,xY5knXJqQqMT,wandreopolosip
675,lmarsoniq@tinyurl.com,OQgBWbGmw25,eferraresiiq
676,ccowlishawir@google.de,cYi5J5Yxo,dmctavishir
677,kmcentagartis@netlog.com,nB3w1U,alangdridgeis
678,cquarmbyit@usatoday.com,SjMiSV,khungerfordit
679,aiaduccelliiu@shinystat.com,KCR2V5nbEP,apyseriu
680,lclowiv@epa.gov,lZzCRbMv,acoupmaniv
681,kcontiiw@redcross.org,Dth2Ru9aw,kmackilliw
682,jsibrayix@wikispaces.com,dmdi7DTVTlh,llysteix
683,khoofeiy@hud.gov,gzVHFT,kpatulloiy
684,ccatteralliz@vkontakte.ru,txVP70AefH,nlambisiz
685,dmcginnj0@java.com,xT8C08hnC4,hhopewellj0
686,mstroobandj1@economist.com,w3Yk5A2UHA8,chancej1
687,mwigleyj2@wired.com,uphYfW,wdahmkej2
688,epudgej3@theatlantic.com,rNwbYFfTa8H,mandrysj3
689,bhoweyj4@163.com,aL20h40F,nboltej4
690,sangoodj5@whitehouse.gov,xGuIml7y,apudgej5
691,amccurtinj6@google.co.uk,9wYUrxrFx,cmaccoveneyj6
692,abecceroj7@rediff.com,YMHZGSNied1,badamiakj7
693,dmeerej8@constantcontact.com,bi48lndJdt,mtemplemanj8
694,vmeyshamj9@nsw.gov.au,1p9khih,jdavsleyj9
695,kgeraudyja@tripadvisor.com,Z4NRZgTZ49sG,nbattsja
696,acastillonjb@boston.com,DT9HKOO5eFv,rgilliejb
697,vmclugishjc@wisc.edu,cGqUFp5Oz3SW,gfalkjc
698,tbretellejd@networkadvertising.org,OKV7MWp,lwattjd
699,dmongerje@hc360.com,gSZ0BpjjS,derwinje
700,lsparkwelljf@comcast.net,OhwUlI7bNYv,svynalljf
701,jjurzykjg@sakura.ne.jp,ugoZhma,rwylltjg
702,bcampagnejh@networksolutions.com,PBoNdg19,alhommejh
703,hschwerinji@nhs.uk,ZVn7y7Bb0M2,hhainingji
704,ifisbeyjj@imageshack.us,ShHyMB1ie,alangstaffjj
705,fchidwickjk@360.cn,WtjK3Huta1Vs,rmcblainjk
706,ghamesjl@netvibes.com,rvz5qu,cosullivanjl
707,aespadajm@moonfruit.com,XL4G0xHQE0Q,nharburtsonjm
708,fmeridajn@fastcompany.com,iaL9EJ7a,jkersawjn
709,npoundjo@arstechnica.com,BjNVcrnJLAD4,ccarnilianjo
710,criteleyjp@friendfeed.com,BvmJOWctlLf,llafondjp
711,eiacominijq@narod.ru,krNnB4iETx,cellsburyjq
712,kkeartonjr@xinhuanet.com,sOzKvgVz,npersichjr
713,mjosilevichjs@bbb.org,T4s6ut3,sboulgerjs
714,lshewringjt@liveinternet.ru,lKRm5iZJvMc,scleoburyjt
715,gplumeju@ucoz.com,FLfG8Kfw9F,hdimitruju
716,crobardleyjv@xinhuanet.com,vamByCmI2Cj,bphilipsenjv
717,bpirkisjw@engadget.com,Ds5wkeG,stythertonjw
718,maleksankinjx@adobe.com,XnRsUA6Lu6,dstollenbeckjx
719,esagrottjy@spiegel.de,cwpABtOD,jbuddelljy
720,gholmesjz@webeden.co.uk,FQpQP6eYoSI,cbradneckjz
721,bearpk0@walmart.com,0BFw7WAxWH,adooreyk0
722,ajohnseek1@moonfruit.com,kigdt9LPUn,estucksburyk1
723,gelsopk2@youku.com,4aTEH3UC7kv,ravannk2
724,dcurmk3@xing.com,kLxuy15nGz,glammerdingk3
725,jmebsk4@nps.gov,w8lpQ5b,caucockk4
726,swingark5@weebly.com,jjqc8Al2gBzZ,braistonk5
727,jrawstornk6@themeforest.net,jh4DgZlbvIB,aboobierk6
728,udowk7@blogger.com,yA2mFwG,lscoffhamk7
729,namyesk8@bloglovin.com,S6c85Q,eosgoodk8
730,aschubbertk9@shutterfly.com,BuwiBhjnT5js,dhillamk9
731,lpummellka@bbb.org,siMCWdFs,cbartleetka
732,dpocockkb@mtv.com,mI0oYo,bcornillkb
733,ejendruschkc@jigsy.com,jkWSZU,sharlettkc
734,hbarnhamkd@ehow.com,aThlVfS3Eh35,mvareykd
735,arepperke@feedburner.com,GaBoF6Uwi3,ctrembleyke
736,eunderhillkf@barnesandnoble.com,cFGnhKLb3oQK,bmitchinerkf
737,melenkg@canalblog.com,6UTIZ6x,hvalentinkg
738,jbromagekh@buzzfeed.com,bu5LBLsP,nmcdarmidkh
739,jbourdonki@hugedomains.com,pDFKLcmZB,jswindenki
740,mhegdonnekj@php.net,retpy6iIUMO,jbattyllkj
741,mvineykk@dell.com,Q7UeUGKO0ueL,tcaizleykk
742,amcginleykl@netlog.com,4kRgNAY4P,uoloinnkl
743,nyuryatinkm@eepurl.com,aiDXnHTUr,pmckinlaykm
744,dteodorokn@tiny.cc,ySaLB1,iarminkn
745,lcamamileko@aboutads.info,zCokVjuOy,bstoaksko
746,llyeskp@youtube.com,28av3A5CDf4U,blivenskp
747,mrushmerekq@dion.ne.jp,uiyQyzx,wcharrissonkq
748,wmuldowniekr@godaddy.com,olN7X1w,cdraytonkr
749,bsibbsonks@google.com.au,TUdfuf,pgildersleavesks
750,erivalantkt@github.io,ojAEc9tNr0k9,dfeasbykt
751,gmacfaddenku@comsenz.com,9RS0Zm1,kgladtbachku
752,spoundsfordkv@biglobe.ne.jp,x07qcS0y,pkilrowkv
753,bbelfieldkw@bloglines.com,Z1ZxapQb,lgioriokw
754,rmilroykx@smugmug.com,hjSYwXi4CX,lbowaterkx
755,rgarettky@china.com.cn,cv0gq4ZA,ecowsbyky
756,jhoulsonkz@merriam-webster.com,SBWOyV,dswanboroughkz
757,tschleswigholsteinl0@techcrunch.com,qqFi8tpgTGLa,cspiviel0
758,atuckl1@biglobe.ne.jp,mULGX9DNek,swinspurl1
759,giacomil2@tumblr.com,89m5l1t,emartinel2
760,lgillmorl3@hud.gov,QdwaujN3,cjansikl3
761,jheatlyl4@webnode.com,Qdqnp2OEj,rwasielewiczl4
762,deatl5@discovery.com,7FXLg2o,pmaddinonl5
763,qkickl6@accuweather.com,Dw7Kl8BA1,omanilowl6
764,hmccuffiel7@java.com,A4uOUhwikTp,davissl7
765,aupexl8@blogs.com,6lDXS4Lx8Wx,hhazeupl8
766,lwagstaffel9@themeforest.net,uGZ5H5p,crymerl9
767,ggilkesla@imageshack.us,FtZtOqXnBP6b,efarnanla
768,afarrelb@etsy.com,cKVoidHy,hsutclifflb
769,tneatlc@google.ca,OwGbZ0dK,edictylc
770,ahakesld@wufoo.com,5etcVxrB,csmolanld
771,mbasnettle@ocn.ne.jp,9FMvvfBPs,tdenverle
772,bprozesckylf@pen.io,2Kgtuz4ybMg,tkemberlf
773,lmowburylg@theguardian.com,c0B5qBM,cwilberlg
774,adamilh@cafepress.com,hPucyq,kanglishlh
775,lfrankomli@washingtonpost.com,jUtBEhYUb,estuttmanli
776,lbelmontlj@spiegel.de,82psXmdPhf,rslowleylj
777,emcgheelk@digg.com,B328G0h2r,ejacqueminetlk
778,ddarrigoell@ebay.co.uk,7DjMCTsg,fcristoforll
779,jkirragelm@bigcartel.com,3QMglxC,sbroomheadlm
780,bbickersln@wikimedia.org,etiY7t,smcgawln
781,ycurgenvenlo@ihg.com,WbSRXy149fU,cgrundwaterlo
782,wgunbielp@scribd.com,NwtfHC,skrollelp
783,btewkesburylq@liveinternet.ru,ml05hhf19OM,bjaymelq
784,ghartlandlr@mediafire.com,kLlCrYHfscT,gragdalelr
785,mcowiels@geocities.com,c7j7BAfXdSd,mchyuertonls
786,namblerlt@icio.us,LF85tNf,blawlesslt
787,cmallenderlu@google.es,PxRFRK,rcrannelllu
788,ikiltielv@bloglines.com,146uKy2e1,wcoxheadlv
789,dlegalllw@qq.com,qjOrudif,nravenscraftlw
790,gjellingslx@jiathis.com,K90QWy,dmetterickelx
791,ebarrimly@goo.gl,ltC08ez,tgrestyly
792,pduffuslz@cnet.com,WtpfDluLtl,vbackshalllz
793,qtwitteym0@washingtonpost.com,JLNVtDyyUov,wdreigherm0
794,rjeffreem1@freewebs.com,Gxc0Mb,rshaylerm1
795,hplettm2@google.ru,tyJvtvUfkM,dmacpadenem2
796,rpoynorm3@xrea.com,Ob6gQMEUvCZ,dswanem3
797,mstitwellm4@meetup.com,IuRU5MNUSUzD,fgatecliffem4
798,cropkingm5@wsj.com,2QGECcl8,ybouzanm5
799,mhollingsbym6@furl.net,iKlUBJu,jkryzhovm6
800,ramsbergerm7@lulu.com,gDceZA5il,jdmiterkom7
801,wbearwardm8@hud.gov,sP7h3brk9,lladbrookm8
802,bvolkesm9@studiopress.com,1TFgquQKH3g,yfancettm9
803,asepeyma@theglobeandmail.com,B1QLp3mBN,asharerma
804,bwillsmoremb@weibo.com,Cf8t0CNgE,fcostymb
805,ncovinomc@elegantthemes.com,gGyqkhlSFOo,sgillicemc
806,pmcquiemd@webs.com,AOSwgtavjx,wdonnemd
807,kkertessme@blogtalkradio.com,SMyEo7uuTXc,jkernaghanme
808,scamellimf@ycombinator.com,10bIdv753S,nchubbmf
809,fcratmg@sitemeter.com,NkFfJbFo,rtyrrellmg
810,kledurmh@npr.org,FkTsL5M,jpeachermh
811,aaslottmi@kickstarter.com,oJUn7BsSi,jsleighmi
812,mmaevelamj@usa.gov,yTNCweEE5Yj,ycornthwaitemj
813,dbowsermk@printfriendly.com,rDPSu1,grothmanmk
814,mcamelliml@quantcast.com,sRDH26m3f,mjelfml
815,jwiddowesmm@elpais.com,CTRBiBlPj,tcoanmm
816,fbillowsmn@google.cn,nJ2cOxgmFx8,alindenstraussmn
817,tdivellmo@sohu.com,lcPUF6wBms8C,mgirtmo
818,mlackeymp@phoca.cz,Gn4ajQbcDGCi,lirdalemp
819,mfronczakmq@epa.gov,4dU7c3lFk5mM,gsollammq
820,lfellneemr@sciencedaily.com,4N4wnEmRPYw,rwalthallmr
821,nboerderms@twitpic.com,TP3hwOec,gbrambillms
822,lbennikemt@blinklist.com,0lNq5Pv59T,mleggettmt
823,bsteaningmu@globo.com,oplJQNzo,rpurringtonmu
824,eboremv@github.io,XsIANTC,tmacanemv
825,mghiottomw@sina.com.cn,ijh5uEq5e,taskemmw
826,nchampemx@drupal.org,HUTKBHbGCCTj,rsurmeyersmx
827,rcredlandmy@networksolutions.com,hgADB2d,kbedellmy
828,reggertonmz@canalblog.com,rv4EGgWqS,rworsnopmz
829,ymerrigansn0@sun.com,bOSyjVM,bminillon0
830,lfrenzln1@about.com,uY5jQJYnZqCt,ashawelln1
831,odaidn2@edublogs.org,kVX8K1m,rlarkinsn2
832,pcainen3@example.com,DSNISDW,tfruinn3
833,glandn4@youtube.com,OvudFK,gfarquarsonn4
834,bciceronen5@github.io,XXasanOH,sbittlestonen5
835,macorsn6@reuters.com,HrT4mt,scassien6
836,dantonomoliin7@sbwire.com,TVcBYOQ,rmadisonn7
837,gbrightn8@apache.org,q6wI1m5Agqvg,jkochen8
838,atirten9@ask.com,fkIIZ7,emarchbankn9
839,trawlingsna@hao123.com,4MzJHLbDTh,mfinkna
840,rkynforthnb@wisc.edu,AjLnss,wdrewrynb
841,mcortennc@scribd.com,qgH4Bw,gkilfoylenc
842,gbielfeltnd@webmd.com,61becl2DvJTv,lshovelbottomnd
843,ghuettne@fema.gov,4PandqT45Bq,gbezantsne
844,hramplingnf@studiopress.com,NtLrnwG,cgauntlettnf
845,mphilpottng@thetimes.co.uk,Ejzjk8Ps5L,vwhifenng
846,rgarriochnh@woothemes.com,bW83gru,rvidyapinnh
847,fohederscollni@dailymotion.com,MNAIfEzlyUcm,cgeffcockni
848,tenefernj@163.com,pyhhaUcnyw,hclousleynj
849,bnicollsnk@weather.com,chcNoqc,rshirenk
850,ujakubiaknl@plala.or.jp,RAwWXQDAkW,dmarzellanonl
851,sdarrigoenm@dailymail.co.uk,pS4ATLIkEd,abacksonnm
852,mulyattnn@example.com,4PdlcD5ulNe,rjerdeinnn
853,kanandno@lycos.com,Q5o5RvL,vkimbroughno
854,tblacktinnp@usgs.gov,8zlTfF,lepiletnp
855,areadynq@weather.com,0rWRv8R,jhuettnq
856,pgorbellnr@bbc.co.uk,1zewXVp,astidstonnr
857,tkennyns@angelfire.com,Q7nA8N,nyendallns
858,wcottiernt@mysql.com,OyXHyd,ngotlingnt
859,ahaselgrovenu@abc.net.au,gZMcGo,lleperenu
860,krankinnv@opera.com,NOhVxcmu3PRW,sizakoffnv
861,twinskillnw@zdnet.com,svsuNPlsE,bblewmennw
862,ckobischnx@mediafire.com,gcMaLtO,mklischnx
863,rmilkehamny@weebly.com,gnn2uJv,fgellibrandny
864,rkarpinskinz@cnn.com,eRaGtTkJq5,fwaldienz
865,dpolkinghorneo0@paypal.com,Ykds4sqpxGdK,rrollinshawo0
866,estreato1@engadget.com,mppaEIQ2Mrv,mturbayneo1
867,hcattoo2@addthis.com,37KLqtSzmPOn,ibluschkeo2
868,hhusthwaiteo3@addthis.com,YgoCNERY,blyddyardo3
869,csandeso4@list-manage.com,yETsYhbUCP9c,hrammeo4
870,gsergeaunto5@dell.com,R9QxjrDo9X,briddiougho5
871,smccreagho6@drupal.org,LlsRJ4PdGG,ralsobrooko6
872,nhanbridgeo7@jalbum.net,as8b2G,dmordacaio7
873,lnapiero8@constantcontact.com,fNBuhTxVO,gbierso8
874,ncohanio9@twitter.com,P5TMZlRsT,bfassano9
875,readdyoa@berkeley.edu,7A3Z6tlMf,gbenkooa
876,nsheringhamob@uiuc.edu,pRlzqsqU8,rtradewellob
877,adecavilleoc@ocn.ne.jp,tQ999T0WaxIe,lmatysiakoc
878,swillshearod@nytimes.com,YCfztwe80c5,mwightod
879,jtrustramoe@house.gov,apP2gZuBCN,bknowlleroe
880,shardistryof@eventbrite.com,V9cfyaeBe5N,jpibsworthof
881,schurchingog@paypal.com,vqqoOyZMGYo6,glowrieog
882,blottringtonoh@yale.edu,Tt4Y7tk,kheindleoh
883,blockeyoi@51.la,uEWnkDTxdP,pmarnaneoi
884,faxstonoj@narod.ru,Dh8oEA,slichfieldoj
885,cleggeok@typepad.com,F3JQWW,bcrudgingtonok
886,sshipol@youku.com,wBzFjCdgbFjq,oizkoviczol
887,dhaneom@usa.gov,0xNexlto3V,cfoundsom
888,gmccollon@howstuffworks.com,rGTZOEIw,chumphersonon
889,mdavenhalloo@ted.com,em3wChzWqcQ,aantonignettioo
890,dedgehillop@phoca.cz,VaqhxehxN,lwhiskerop
891,clakeroq@delicious.com,Rb8N3H8ttv,tvoceoq
892,gesselor@dagondesign.com,jfsL29aod,hhadawayor
893,mstreatheros@house.gov,QEtGe3IKMwE,nmortimeros
894,mlongfieldot@apple.com,1mZaICr9,draddenburyot
895,pkillgusou@wix.com,v3ACfLreP7wG,veverleyou
896,cpaolinelliov@berkeley.edu,ZdatpGh,dsanchizov
897,fharbertow@newsvine.com,zuQ04UCdL9,lbiertonow
898,aheaphyox@macromedia.com,s5vvHwzz,lpatronox
899,vbambridgeoy@spotify.com,YSZBtBorw0,cgianoy
900,ccapinioz@ask.com,M3EUmy7He,vteresaoz
901,aleddyp0@sciencedaily.com,fltTnLahwc,rjursp0
902,apiesoldp1@globo.com,P7YnCZzrdMi,pflorip1
903,vsabathep2@cdc.gov,RWG7Gd6hh,sfarnabyp2
904,siskowp3@amazon.de,aPhgoiv7z,gfearnallp3
905,ijoep4@de.vu,2c03NqGWhBci,adamatop4
906,gblindep5@gmpg.org,eSxuUbKpDKh6,focridiganp5
907,trenzop6@phoca.cz,97v6Xjvtk,cbatterp6
908,slockep7@newyorker.com,r3h6YDHZu,wdobyp7
909,tmiltonwhitep8@google.cn,CroalSb4BZ,bbreachp8
910,gsconcep9@msn.com,3REu77L,fgroundwatorp9
911,vmitrikhinpa@friendfeed.com,rIHEt6nhXxDn,efischerpa
912,omcsperrinpb@state.gov,SYs4nmxBU2ll,tmctrustypb
913,rmaciociapc@spiegel.de,SVfDlsc,mwildorpc
914,labdiepd@cloudflare.com,er1cK2I,afodenpd
915,fportresspe@behance.net,5ZKhEpa,drundallpe
916,smckitterickpf@ning.com,orDyrxbM,dmasicpf
917,tfardypg@moonfruit.com,35K59Kf,cdudbridgepg
918,alindmarkph@cmu.edu,wGZf9FfaeLej,plismerph
919,abailypi@wiley.com,Ml57wggYDMx,aadelsbergpi
920,mrollerpj@comcast.net,V2QXIi,pfontellespj
921,kbernardypk@eventbrite.com,Gk0rgApXK,oruddompk
922,rdecristofalopl@discovery.com,CJ3T9R0GpJfY,bingerfieldpl
923,alimpennypm@woothemes.com,8Er5av2yOgw,dmaileypm
924,jbeentjespn@storify.com,m5hl295rbW,jmintoffpn
925,jsalanpo@simplemachines.org,7eTm9L,cloinespo
926,fsollypp@facebook.com,vGiYQD,bgarraltspp
927,gmateikopq@craigslist.org,UKDZbc4aT,adorrepq
928,fcamplejohnpr@oracle.com,20QM1ATp,lcorshampr
929,pgreeveps@yolasite.com,epMOG8mkPNh,aadderleyps
930,ewaterhousept@myspace.com,kTYDu6Imy5,wbentopt
931,ylenschpu@whitehouse.gov,8b8EYhm,fmorrantpu
932,tloriepv@time.com,Bkj9mExuSWVS,araspinpv
933,iclappsonpw@howstuffworks.com,2l9V6kdK4UQQ,nweddellpw
934,lmccaskellpx@zdnet.com,0aYyl0XbwN1,crowcliffepx
935,dhandscombepy@army.mil,aUk7wMsaox,afinanpy
936,dhaneypz@zdnet.com,aG69St2yS5p,cdanypz
937,hdinseq0@google.ru,G8OlU8BtTTo1,ndobelq0
938,cjarryq1@alibaba.com,2M39jYT07bAw,ldeelayq1
939,plipscombq2@sakura.ne.jp,z4ImCr44Lu0,alongoq2
940,ewendoverq3@shinystat.com,uElb3UfkF,modulchontaq3
941,dfronekq4@geocities.jp,Zmj2c3,akunradq4
942,kwinmanq5@tinyurl.com,mlnkAuU,bbestwallq5
943,zzisnerosq6@blinklist.com,Hpz7Duny,mbiskupekq6
944,olivingstonq7@yahoo.co.jp,cAZlLJ5Kq9qC,jdadswellq7
945,jcaushq8@nymag.com,4Ttr0mZDRipd,isimonyq8
946,cmaragaq9@tuttocitta.it,EZDettZn,oblownq9
947,cobispoqa@liveinternet.ru,xa5OIShG1b,ajaxonqa
948,otorticeqb@chicagotribune.com,gLIl7Fyx5DV,tmixtureqb
949,sduminiqc@technorati.com,m6OYakCm,ncritchlowqc
950,stoonqd@google.co.uk,XbRcIn0D,slismerqd
951,esynnotqe@cnbc.com,oojbfCCY2i,jabrahartqe
952,hoborneqf@whitehouse.gov,egF6kkqn4,mcrookesqf
953,gashlinqg@purevolume.com,sWR6oR,gjeannequinqg
954,blotzeqh@wikia.com,3xveomwFYKCZ,bryleyqh
955,bmacrinnqi@usa.gov,yYNaJLOMHW,atolomioqi
956,wvainqj@artisteer.com,NYobCNpu6,dkenrydqj
957,tglenisterqk@alibaba.com,wDRyBP,iriccardoqk
958,plittleyql@ca.gov,VRIgH3Y4BCug,cpetworthql
959,bmountstephenqm@cbsnews.com,FuoqrBF,kmamwellqm
960,jeddsqn@networkadvertising.org,s6stKgvCnPm,mpymarqn
961,mmarchandqo@aol.com,RTwgqiSvAOhE,dworshallqo
962,blangfordqp@flavors.me,n9b6MnPuz,spleavinqp
963,sbeadleqq@ehow.com,TetQOw1Z,dleganqq
964,lscotchforthqr@infoseek.co.jp,jpDvOJQ,forrqr
965,dstreetenqs@blogtalkradio.com,bW3szY,emonelleqs
966,mbraundqt@fema.gov,3OicQ88,jminorqt
967,minstonequ@smh.com.au,bKaGuX,xhadleyqu
968,palwayqv@shutterfly.com,fEstq5,ldawkinsqv
969,atobiasqw@aboutads.info,0N2m61Iug7,dmaffiniqw
970,fpetricekqx@sciencedaily.com,9Wxfm4mQSC,cfilimoreqx
971,emitchesonqy@nydailynews.com,kaSQxjb,igeroldiniqy
972,gfaltinqz@tripadvisor.com,qXygkC7KEw2c,cchassonqz
973,gcarlinor0@lulu.com,ajBNeFt5KUd,pdeboldr0
974,rredsellr1@blogger.com,O814g0K,gearper1
975,theppnerr2@cocolog-nifty.com,2YRcn6ADX,ainksterr2
976,evannonir3@hhs.gov,IXN1OZvTkD,apatershallr3
977,leltuner4@google.com.br,0wsxDfU,vberesfordr4
978,mrosencwaigr5@prnewswire.com,epTpynS,truminr5
979,gmacmenamyr6@bizjournals.com,8TzmhCCW,jandrieur6
980,tdouthwaiter7@sina.com.cn,9D87M7Ld,dpallyr7
981,kwalesar8@csmonitor.com,85EWgnqZXEBO,cwickenr8
982,pcuckoor9@dyndns.org,pOB3QCCkxqp,rgrassir9
983,scritzenra@gravatar.com,geAqVi7Xv2U,hgoodmanra
984,cstimpsonrb@eventbrite.com,y77nkzppCqS,dfranzkerb
985,cdeekrc@irs.gov,wms1y1DW,fvanyukhinrc
986,ghyndsonrd@goodreads.com,n6vERTwYyJGb,awaszczykowskird
987,vsalzburgre@flickr.com,s6jIGjZBr,tsmizre
988,rmaclachlanrf@mit.edu,JXsTan0qJv,apeasemanrf
989,kcratesrg@sfgate.com,1aHgws,bhundallrg
990,bduckhouserh@eventbrite.com,mKx12tJy6,rcrosskillrh
991,lscarceri@ezinearticles.com,K2YrlThgG,aantwisri
992,lhollymanrj@theatlantic.com,QyaMJXjpnBV,cbarnfieldrj
993,adeboork@opera.com,rKvE6U47,dborgarsrk
994,dwolfordrl@deviantart.com,iHEhBFX,gwarlowerl
995,tenriquesrm@berkeley.edu,jxdoS3K1awdk,jcovenyrm
996,vbeadlern@cloudflare.com,o8hgdsr,dsansrn
997,ggladebeckro@dagondesign.com,E3MVmB32qEA,cbambrughro
998,lbevanrp@cyberchimps.com,tMCCwnU,bcurtainrp
999,tlionelrq@nyu.edu,68oxCmrR,dlyverrq
1000,dtrimerr@google.de,7s7TK1U7JK,oollerheadrr
